antecedents,consequents,antecedent support,consequent support,support,confidence,lift,representativity,leverage,conviction,zhangs_metric,jaccard,certainty,kulczynski
frozenset({'customer_type_Transient-Party'}),"frozenset({'deposit_type_No Deposit', 'market_segment_Groups'})",0.14446028190683047,0.06721871535555103,0.061313604380189596,0.4244322631166797,6.314197777682304,1.0,0.051603169810511704,1.6206281639332807,0.9837377925003664,0.4077640686126994,0.38295531186315435,0.6682915270480739
"frozenset({'deposit_type_No Deposit', 'market_segment_Groups'})",frozenset({'customer_type_Transient-Party'}),0.06721871535555103,0.14446028190683047,0.061313604380189596,0.9121507909794682,6.314197777682304,1.0,0.051603169810511704,9.738729894462857,0.9022766296111588,0.4077640686126994,0.8973172055456051,0.6682915270480739
"frozenset({'customer_type_Transient', 'market_segment_Groups'})",frozenset({'deposit_type_Non Refund'}),0.1824475666870291,0.32792597117581845,0.18018507206045387,0.9875992063492065,3.0116529130280516,1.0,0.12035577656594494,54.19604968438268,0.8170196769647725,0.5457037138550089,0.9815484706759326,0.7685339760185387
frozenset({'deposit_type_Non Refund'}),"frozenset({'customer_type_Transient', 'market_segment_Groups'})",0.32792597117581845,0.1824475666870291,0.18018507206045387,0.5494687456878709,3.011652913028051,1.0,0.12035577656594494,1.814640883374916,0.9938732882384127,0.5457037138550089,0.4489267771041429,0.7685339760185387
"frozenset({'customer_type_Transient', 'market_segment_Groups', 'hotel_City Hotel'})",frozenset({'deposit_type_Non Refund'}),0.1498450191180796,0.32792597117581845,0.14789927373922487,0.9870149479088026,3.0098712351746357,1.0,0.09876120031906954,51.75751503375049,0.7854566384846104,0.4483539094650206,0.9806791342407395,0.7190145803432519
frozenset({'deposit_type_Non Refund'}),"frozenset({'customer_type_Transient', 'market_segment_Groups', 'hotel_City Hotel'})",0.32792597117581845,0.1498450191180796,0.14789927373922487,0.45101421277770115,3.0098712351746357,1.0,0.09876120031906954,1.5485919684432017,0.9935808331155603,0.4483539094650206,0.354252107477156,0.7190145803432519
"frozenset({'customer_type_Transient', 'market_segment_Groups'})","frozenset({'deposit_type_Non Refund', 'hotel_City Hotel'})",0.1824475666870291,0.29059480983732666,0.14789927373922487,0.810639880952381,2.7895882978989635,1.0,0.09488095779252467,3.746328391271644,0.784688708455423,0.454874399832997,0.7330719852723422,0.6597967389813291
"frozenset({'deposit_type_Non Refund', 'hotel_City Hotel'})","frozenset({'customer_type_Transient', 'market_segment_Groups'})",0.29059480983732666,0.1824475666870291,0.14789927373922487,0.5089535970102771,2.789588297898963,1.0,0.09488095779252467,1.6649188922580935,0.9043127564993372,0.454874399832997,0.3993701407017362,0.6597967389813291
frozenset({'deposit_type_Non Refund'}),"frozenset({'customer_type_Transient', 'market_segment_Offline TA/TO', 'hotel_City Hotel'})",0.32792597117581845,0.11697097219394104,0.10040951152741012,0.30619566717262314,2.617706439722006,1.0,0.06205169187133235,1.272734957142106,0.9195210162967239,0.29147510836726653,0.2142904582070453,0.582304796835828
"frozenset({'customer_type_Transient', 'market_segment_Offline TA/TO', 'hotel_City Hotel'})",frozenset({'deposit_type_Non Refund'}),0.11697097219394104,0.32792597117581845,0.10040951152741012,0.8584139264990329,2.617706439722006,1.0,0.06205169187133235,4.746752362050573,0.6998481075378357,0.29147510836726653,0.7893296460976521,0.582304796835828
"frozenset({'customer_type_Transient', 'market_segment_Offline TA/TO'})","frozenset({'deposit_type_Non Refund', 'hotel_City Hotel'})",0.13538767845426367,0.29059480983732666,0.10040951152741012,0.741644385026738,2.5521597768449698,1.0,0.061066554852676244,2.74584777356626,0.7034077431377944,0.30840861709520495,0.6358137513569381,0.543587686129065
"frozenset({'deposit_type_Non Refund', 'hotel_City Hotel'})","frozenset({'customer_type_Transient', 'market_segment_Offline TA/TO'})",0.29059480983732666,0.13538767845426367,0.10040951152741012,0.3455309872313921,2.5521597768449698,1.0,0.061066554852676244,1.3210897761043823,0.8573027237764572,0.30840861709520495,0.24304917191260758,0.543587686129065
frozenset({'deposit_type_Non Refund'}),"frozenset({'market_segment_Groups', 'hotel_City Hotel'})",0.32792597117581845,0.21765198307654018,0.17321658861060205,0.5282185732027046,2.426895292826023,1.0,0.1018428506818848,1.6582849016216183,0.8748305744910287,0.46518410499453156,0.3969673130219596,0.6620302845223502
"frozenset({'market_segment_Groups', 'hotel_City Hotel'})",frozenset({'deposit_type_Non Refund'}),0.21765198307654018,0.32792597117581845,0.17321658861060205,0.7958419958419959,2.426895292826023,1.0,0.1018428506818848,3.291930833650014,0.751520929328668,0.46518410499453156,0.6962269104265402,0.6620302845223502
frozenset({'deposit_type_Non Refund'}),"frozenset({'customer_type_Transient', 'market_segment_Offline TA/TO'})",0.32792597117581845,0.13538767845426367,0.10371275368221,0.31626880088312403,2.3360235177528743,1.0,0.05931561773985616,1.2645500492920183,0.8509808345179019,0.28841072102680254,0.20920488630729295,0.5411557908158935
"frozenset({'customer_type_Transient', 'market_segment_Offline TA/TO'})",frozenset({'deposit_type_Non Refund'}),0.13538767845426367,0.32792597117581845,0.10371275368221,0.766042780748663,2.3360235177528743,1.0,0.05931561773985616,2.872636420345644,0.6614781025606248,0.28841072102680254,0.6518877248379115,0.5411557908158935
"frozenset({'market_segment_Groups', 'hotel_City Hotel'})","frozenset({'customer_type_Transient', 'deposit_type_Non Refund'})",0.21765198307654018,0.29206543134460056,0.14789927373922487,0.6795218295218296,2.326608206912646,1.0,0.08433065341896746,2.2089946644388405,0.7288185837165095,0.4087668834417209,0.547305380090615,0.5929563597992602
"frozenset({'customer_type_Transient', 'deposit_type_Non Refund'})","frozenset({'market_segment_Groups', 'hotel_City Hotel'})",0.29206543134460056,0.21765198307654018,0.14789927373922487,0.5063908900766907,2.326608206912646,1.0,0.08433065341896746,1.584954574774787,0.8054272229572764,0.4087668834417209,0.3690670913126363,0.5929563597992602
frozenset({'market_segment_Groups'}),frozenset({'deposit_type_Non Refund'}),0.2736261001380122,0.32792597117581845,0.20611326048100637,0.7532660823548867,2.297061375327973,1.0,0.11638415585419697,2.7238818044904995,0.7773698575150726,0.5212266849753976,0.6328768750716592,0.6909010141317693
frozenset({'deposit_type_Non Refund'}),frozenset({'market_segment_Groups'}),0.32792597117581845,0.2736261001380122,0.20611326048100637,0.6285359459086519,2.297061375327973,1.0,0.11638415585419697,1.9554352348810646,0.8401770501774584,0.5212266849753976,0.48860489871411017,0.6909010141317693
frozenset({'market_segment_Groups'}),"frozenset({'customer_type_Transient', 'deposit_type_Non Refund'})",0.2736261001380122,0.29206543134460056,0.18018507206045387,0.658508351248553,2.2546603622925705,1.0,0.10026834709650446,2.0730655383337533,0.7660988621042003,0.46739832149774047,0.5176225828326876,0.6377211366592134
"frozenset({'customer_type_Transient', 'deposit_type_Non Refund'})",frozenset({'market_segment_Groups'}),0.29206543134460056,0.2736261001380122,0.18018507206045387,0.6169339220698737,2.2546603622925705,1.0,0.10026834709650446,1.8962104496093832,0.786053178902376,0.46739832149774047,0.47263237569121164,0.6377211366592134
frozenset({'market_segment_Groups'}),"frozenset({'deposit_type_Non Refund', 'hotel_City Hotel'})",0.2736261001380122,0.29059480983732666,0.17321658861060205,0.6330411774433603,2.178432497805908,1.0,0.09370226407446709,1.9332010747695743,0.7447326130934334,0.4430042819118158,0.4827232339919975,0.6145585831159498
"frozenset({'deposit_type_Non Refund', 'hotel_City Hotel'})",frozenset({'market_segment_Groups'}),0.29059480983732666,0.2736261001380122,0.17321658861060205,0.5960759887885393,2.1784324978059075,1.0,0.09370226407446709,1.798293440598953,0.7625463416796262,0.4430042819118158,0.443917228732741,0.6145585831159498
"frozenset({'market_segment_Offline TA/TO', 'hotel_City Hotel'})","frozenset({'customer_type_Transient', 'deposit_type_Non Refund'})",0.16213036494038327,0.29206543134460056,0.10040951152741012,0.619313424504605,2.1204612324486045,1.0,0.05305683655703958,1.8596257767538826,0.6306523905021825,0.2838140308243269,0.46225740011757865,0.4815522889817161
"frozenset({'customer_type_Transient', 'deposit_type_Non Refund'})","frozenset({'market_segment_Offline TA/TO', 'hotel_City Hotel'})",0.29206543134460056,0.16213036494038327,0.10040951152741012,0.34379115345882716,2.1204612324486045,1.0,0.05305683655703958,1.2768337999037414,0.7464030034345581,0.2838140308243269,0.21681271276231204,0.4815522889817161
frozenset({'market_segment_Groups'}),"frozenset({'customer_type_Transient', 'deposit_type_Non Refund', 'hotel_City Hotel'})",0.2736261001380122,0.2554356433403471,0.14789927373922487,0.5405159583264428,2.1160553447360892,1.0,0.0780054148157615,1.6204357260107687,0.7261034137808438,0.388021606220692,0.38288203354919464,0.5597619649913879
"frozenset({'customer_type_Transient', 'deposit_type_Non Refund', 'hotel_City Hotel'})",frozenset({'market_segment_Groups'}),0.2554356433403471,0.2736261001380122,0.14789927373922487,0.579007971656333,2.116055344736089,1.0,0.0780054148157615,1.7253863516603916,0.708363976402625,0.388021606220692,0.4204196648259854,0.5597619649913879
frozenset({'market_segment_Offline TA/TO'}),"frozenset({'customer_type_Transient', 'deposit_type_Non Refund', 'hotel_City Hotel'})",0.18783230389827824,0.2554356433403471,0.10040951152741012,0.5345699831365937,2.092777562856891,1.0,0.05243044614105384,1.5997342880404863,0.6429289584140534,0.2928599709647618,0.37489618902592914,0.4638306071573136
"frozenset({'customer_type_Transient', 'deposit_type_Non Refund', 'hotel_City Hotel'})",frozenset({'market_segment_Offline TA/TO'}),0.2554356433403471,0.18783230389827824,0.10040951152741012,0.39309123117803363,2.0927775628568908,1.0,0.05243044614105384,1.3382039242540047,0.7013042274207444,0.2928599709647618,0.252729735822991,0.4638306071573136
frozenset({'deposit_type_Non Refund'}),"frozenset({'market_segment_Offline TA/TO', 'hotel_City Hotel'})",0.32792597117581845,0.16213036494038327,0.10982148917396321,0.3348971988408997,2.0656044224907792,1.0,0.05665473179379816,1.2597595944558182,0.767594309293411,0.28882541949303825,0.20619775042715754,0.5061312675756271
"frozenset({'market_segment_Offline TA/TO', 'hotel_City Hotel'})",frozenset({'deposit_type_Non Refund'}),0.16213036494038327,0.32792597117581845,0.10982148917396321,0.6773653363103544,2.0656044224907792,1.0,0.05665473179379816,2.083080662004362,0.6157046136570294,0.28882541949303825,0.5199417774644456,0.5061312675756271
frozenset({'market_segment_Offline TA/TO'}),"frozenset({'deposit_type_Non Refund', 'hotel_City Hotel'})",0.18783230389827824,0.29059480983732666,0.10982148917396321,0.5846783907492171,2.0120056207353354,1.0,0.055238396541336096,1.7080863946434208,0.6193099014383493,0.29793763810459123,0.41454951978072546,0.48129902097411026
"frozenset({'deposit_type_Non Refund', 'hotel_City Hotel'})",frozenset({'market_segment_Offline TA/TO'}),0.29059480983732666,0.18783230389827824,0.10982148917396321,0.3779196511990034,2.012005620735335,1.0,0.055238396541336096,1.3055671950851708,0.7090214489533544,0.29793763810459123,0.23404938193567013,0.48129902097411026
frozenset({'customer_type_Transient-Party'}),frozenset({'market_segment_Groups'}),0.14446028190683047,0.2736261001380122,0.07522794633362746,0.5207517619420517,1.9031509116980936,1.0,0.035699842770623595,1.5156527289603896,0.5546856377734944,0.21941401610135938,0.34021825653564075,0.3978407395785999
frozenset({'market_segment_Groups'}),frozenset({'customer_type_Transient-Party'}),0.2736261001380122,0.14446028190683047,0.07522794633362746,0.27492971721514803,1.9031509116980936,1.0,0.035699842770623595,1.1799403980634955,0.6533213738285911,0.21941401610135938,0.15249956553637087,0.3978407395785999
"frozenset({'customer_type_Transient', 'deposit_type_Non Refund'})",frozenset({'market_segment_Offline TA/TO'}),0.29206543134460056,0.18783230389827824,0.10371275368221,0.3551010922612131,1.890521943730831,1.0,0.04885343082370927,1.2593721067840393,0.6653800622114687,0.27569615685331084,0.20595351079068888,0.45362859961169544
frozenset({'market_segment_Offline TA/TO'}),"frozenset({'customer_type_Transient', 'deposit_type_Non Refund'})",0.18783230389827824,0.29206543134460056,0.10371275368221,0.5521561069621778,1.8905219437308307,1.0,0.04885343082370927,1.5807619120433367,0.5799855739085956,0.27569615685331084,0.3673936648009362,0.45362859961169544
frozenset({'market_segment_Online TA'}),"frozenset({'customer_type_Transient', 'deposit_type_No Deposit', 'hotel_City Hotel'})",0.46912826082038056,0.3569311522885133,0.3115907599719451,0.6641909814323608,1.860837803519835,1.0,0.14414426926622043,1.914983851399925,0.8714113334110362,0.6056554817714059,0.4778023849814908,0.7685812919332189
"frozenset({'customer_type_Transient', 'deposit_type_No Deposit', 'hotel_City Hotel'})",frozenset({'market_segment_Online TA'}),0.3569311522885133,0.46912826082038056,0.3115907599719451,0.8729716024340771,1.8608378035198347,1.0,0.14414426926622043,4.179157962723393,0.7193749965575958,0.6056554817714059,0.760717348107048,0.7685812919332189
frozenset({'market_segment_Groups'}),"frozenset({'deposit_type_No Deposit', 'customer_type_Transient-Party'})",0.2736261001380122,0.12059096359646146,0.061313604380189596,0.22407805523400032,1.8581662220051745,1.0,0.028316769299404847,1.1333730697212696,0.6358089318317259,0.18417833355987495,0.11767799437308858,0.36626041598473
"frozenset({'deposit_type_No Deposit', 'customer_type_Transient-Party'})",frozenset({'market_segment_Groups'}),0.12059096359646146,0.2736261001380122,0.061313604380189596,0.5084427767354597,1.8581662220051745,1.0,0.028316769299404847,1.4776995749100743,0.5251651896487577,0.18417833355987495,0.3232724587737294,0.36626041598473
frozenset({'market_segment_Offline TA/TO'}),frozenset({'deposit_type_Non Refund'}),0.18783230389827824,0.32792597117581845,0.11319260616756036,0.6026258732835462,1.8376887659210335,1.0,0.051597515493525994,1.6912878409513055,0.5612611985417603,0.28117799134491095,0.4087345892361373,0.47390159401723886
frozenset({'deposit_type_Non Refund'}),frozenset({'market_segment_Offline TA/TO'}),0.32792597117581845,0.18783230389827824,0.11319260616756036,0.34517731475093144,1.8376887659210335,1.0,0.051597515493525994,1.2402864384467764,0.6782559583926467,0.28117799134491095,0.1937346333865342,0.47390159401723886
"frozenset({'market_segment_Online TA', 'hotel_Resort Hotel'})","frozenset({'customer_type_Transient', 'deposit_type_No Deposit'})",0.14136066426842236,0.5331568587524604,0.13706192447792936,0.9695902688860435,1.8185835049647459,1.0,0.061694516765416124,15.351768139550648,0.5242264879808571,0.25501999579035994,0.9348609234513054,0.6133332205877279
"frozenset({'customer_type_Transient', 'deposit_type_No Deposit'})","frozenset({'market_segment_Online TA', 'hotel_Resort Hotel'})",0.5331568587524604,0.14136066426842236,0.13706192447792936,0.25707617228941226,1.8185835049647459,1.0,0.061694516765416124,1.1557568941860186,0.9641814212155426,0.25501999579035994,0.1347661389428403,0.6133332205877279
"frozenset({'customer_type_Transient', 'deposit_type_No Deposit'})","frozenset({'arrival_date_month_July', 'market_segment_Online TA'})",0.5331568587524604,0.06407384782461141,0.062014977714427925,0.11631657118608105,1.815351740767513,1.0,0.02785356628007494,1.0591192746836837,0.9620845360411336,0.11586912411227594,0.05581927937374227,0.5420919014122496
"frozenset({'arrival_date_month_July', 'market_segment_Online TA'})","frozenset({'customer_type_Transient', 'deposit_type_No Deposit'})",0.06407384782461141,0.5331568587524604,0.062014977714427925,0.9678672316384181,1.815351740767513,1.0,0.02785356628007494,14.528568967176206,0.4798910319015822,0.11586912411227594,0.9311700965002638,0.5420919014122496
frozenset({'market_segment_Online TA'}),"frozenset({'arrival_date_month_August', 'deposit_type_No Deposit', 'customer_type_Transient'})",0.46912826082038056,0.08072580827620535,0.06859883707776195,0.14622618760549796,1.8113932920334654,1.0,0.030728079037826247,1.076718655899728,0.8437796586383498,0.14254148841145223,0.07125227698002522,0.4980009861794306
"frozenset({'arrival_date_month_August', 'deposit_type_No Deposit', 'customer_type_Transient'})",frozenset({'market_segment_Online TA'}),0.08072580827620535,0.46912826082038056,0.06859883707776195,0.8497757847533632,1.8113932920334652,1.0,0.030728079037826247,3.533862622001646,0.48727439418892565,0.14254148841145223,0.7170235215783286,0.4980009861794306
"frozenset({'arrival_date_month_August', 'market_segment_Online TA'})","frozenset({'customer_type_Transient', 'deposit_type_No Deposit'})",0.07117808095205774,0.5331568587524604,0.06859883707776195,0.9637635092180546,1.8076547143615023,1.0,0.0306497550253345,12.883232652322443,0.481036242679278,0.1280459478863128,0.9223797297629542,0.5462144514051233
"frozenset({'customer_type_Transient', 'deposit_type_No Deposit'})","frozenset({'arrival_date_month_August', 'market_segment_Online TA'})",0.5331568587524604,0.07117808095205774,0.06859883707776195,0.1286653935921918,1.807654714361502,1.0,0.0306497550253345,1.0659761614164887,0.9570602341141999,0.1280459478863128,0.0618927174964384,0.5462144514051233
"frozenset({'customer_type_Transient', 'deposit_type_No Deposit'})",frozenset({'market_segment_Online TA'}),0.5331568587524604,0.46912826082038056,0.44865268444987444,0.841502227880331,1.7937572688730528,1.0,0.1985337345588754,3.3493955913702096,0.9478793428351515,0.8103800572129136,0.7014386707331551,0.8989281093585402
frozenset({'market_segment_Online TA'}),"frozenset({'customer_type_Transient', 'deposit_type_No Deposit'})",0.46912826082038056,0.5331568587524604,0.44865268444987444,0.9563539908367494,1.7937572688730528,1.0,0.1985337345588754,10.696124346704671,0.8335553341314575,0.8103800572129136,0.9065081923521124,0.8989281093585402
"frozenset({'market_segment_Online TA', 'hotel_City Hotel'})","frozenset({'customer_type_Transient', 'deposit_type_No Deposit'})",0.3277675965519582,0.5331568587524604,0.3115907599719451,0.9506454062262718,1.7830501298448966,1.0,0.13683921779345926,9.45896026189245,0.6532908412775423,0.5672158154859968,0.8942801352037892,0.7675357309085953
"frozenset({'customer_type_Transient', 'deposit_type_No Deposit'})","frozenset({'market_segment_Online TA', 'hotel_City Hotel'})",0.5331568587524604,0.3277675965519582,0.3115907599719451,0.5844260555909188,1.7830501298448966,1.0,0.13683921779345926,1.6175999782756159,0.9407084169835388,0.5672158154859968,0.38180018952150707,0.7675357309085953
"frozenset({'arrival_date_month_July', 'deposit_type_No Deposit', 'customer_type_Transient'})",frozenset({'market_segment_Online TA'}),0.07491119708590692,0.46912826082038056,0.062014977714427925,0.8278465720326186,1.764648692417155,1.0,0.02687201810954365,3.0837128568837193,0.4684036462763069,0.12865524524759445,0.6757155914281329,0.480019259008834
frozenset({'market_segment_Online TA'}),"frozenset({'arrival_date_month_July', 'deposit_type_No Deposit', 'customer_type_Transient'})",0.46912826082038056,0.07491119708590692,0.062014977714427925,0.13219194598504944,1.764648692417155,1.0,0.02687201810954365,1.0660062425488341,0.816232879685716,0.12865524524759445,0.06191918950775778,0.480019259008834
"frozenset({'customer_type_Transient-Party', 'hotel_City Hotel'})",frozenset({'market_segment_Groups'}),0.11009298852915224,0.2736261001380122,0.051946876626168016,0.4718454582819565,1.7244168522080532,1.0,0.02182256152239718,1.375305601839857,0.47206484328264403,0.15657392253136937,0.27288887745224094,0.3308458315057873
frozenset({'market_segment_Groups'}),"frozenset({'customer_type_Transient-Party', 'hotel_City Hotel'})",0.2736261001380122,0.11009298852915224,0.051946876626168016,0.189846204729618,1.724416852208053,1.0,0.02182256152239718,1.0984420694762638,0.5783437620568833,0.15657392253136937,0.08961971888349188,0.3308458315057873
frozenset({'market_segment_Online TA'}),"frozenset({'customer_type_Transient', 'hotel_Resort Hotel', 'deposit_type_No Deposit'})",0.46912826082038056,0.17622570646394714,0.13706192447792936,0.2921630094043887,1.6578909812125533,1.0,0.05438946529265494,1.163790963852971,0.7474951125932668,0.2696519184545535,0.14073916101797795,0.534963261025214
"frozenset({'customer_type_Transient', 'hotel_Resort Hotel', 'deposit_type_No Deposit'})",frozenset({'market_segment_Online TA'}),0.17622570646394714,0.46912826082038056,0.13706192447792936,0.7777635126460393,1.657890981212553,1.0,0.05438946529265494,2.3887694838070797,0.48171451035123347,0.2696519184545535,0.5813744244562858,0.534963261025214
frozenset({'customer_type_Transient-Party'}),"frozenset({'market_segment_Groups', 'hotel_City Hotel'})",0.14446028190683047,0.21765198307654018,0.051946876626168016,0.359592795614722,1.6521457352780768,1.0,0.02050480979335033,1.2216414986686943,0.46137719949232536,0.16748121671894378,0.18142924819616238,0.29913111714208035
"frozenset({'market_segment_Groups', 'hotel_City Hotel'})",frozenset({'customer_type_Transient-Party'}),0.21765198307654018,0.14446028190683047,0.051946876626168016,0.23866943866943868,1.6521457352780768,1.0,0.02050480979335033,1.1237427755401816,0.5045408317650247,0.16748121671894378,0.11011663721771091,0.29913111714208035
frozenset({'market_segment_Online TA'}),"frozenset({'arrival_date_month_August', 'customer_type_Transient'})",0.46912826082038056,0.09025091065408719,0.06889296137921673,0.14685314685314685,1.6271652639163294,1.0,0.026553708626609253,1.0663452440693897,0.7260402967869729,0.14045850823377462,0.0622174145178373,0.45510117859077504
"frozenset({'arrival_date_month_August', 'customer_type_Transient'})",frozenset({'market_segment_Online TA'}),0.09025091065408719,0.46912826082038056,0.06889296137921673,0.7633492103284032,1.6271652639163294,1.0,0.026553708626609253,2.243270516512185,0.4236709655262256,0.14045850823377462,0.5542222872189352,0.45510117859077504
"frozenset({'market_segment_Online TA', 'deposit_type_No Deposit'})","frozenset({'arrival_date_month_August', 'customer_type_Transient'})",0.4675218896355121,0.09025091065408719,0.06859883707776195,0.14672861014324431,1.6257853696969806,1.0,0.02640456078743733,1.0661896087933271,0.7228703895225941,0.1402340317284122,0.06208052324598994,0.4534094291628732
"frozenset({'arrival_date_month_August', 'customer_type_Transient'})","frozenset({'market_segment_Online TA', 'deposit_type_No Deposit'})",0.09025091065408719,0.4675218896355121,0.06859883707776195,0.760090248182502,1.6257853696969806,1.0,0.02640456078743733,2.2194933983740266,0.4230976030195039,0.1402340317284122,0.5494467337760105,0.4534094291628732
"frozenset({'arrival_date_month_August', 'deposit_type_No Deposit'})","frozenset({'customer_type_Transient', 'market_segment_Online TA'})",0.09792076743817733,0.45023643068847713,0.06859883707776195,0.700554528650647,1.5559703322527612,1.0,0.024511340256120527,1.8359388333181108,0.3961007097493639,0.14304585770900172,0.4553195445010062,0.4264581688479366
"frozenset({'customer_type_Transient', 'market_segment_Online TA'})","frozenset({'arrival_date_month_August', 'deposit_type_No Deposit'})",0.45023643068847713,0.09792076743817733,0.06859883707776195,0.15236180904522614,1.5559703322527612,1.0,0.024511340256120527,1.064226744604,0.6499416189315153,0.14304585770900172,0.060350620701511135,0.4264581688479366
"frozenset({'market_segment_Online TA', 'deposit_type_No Deposit'})","frozenset({'arrival_date_month_July', 'customer_type_Transient'})",0.4675218896355121,0.0855675467770764,0.062014977714427925,0.13264614789005033,1.5501922502888248,1.0,0.022010276553734096,1.0542784251184787,0.6665414291723375,0.126284266298088,0.05148395701294839,0.4286974790217042
"frozenset({'arrival_date_month_July', 'customer_type_Transient'})","frozenset({'market_segment_Online TA', 'deposit_type_No Deposit'})",0.0855675467770764,0.4675218896355121,0.062014977714427925,0.724748810153358,1.5501922502888246,1.0,0.022010276553734096,1.9345170157526352,0.3881300575394256,0.126284266298088,0.4830751077105703,0.4286974790217042
frozenset({'market_segment_Online TA'}),"frozenset({'arrival_date_month_July', 'customer_type_Transient'})",0.46912826082038056,0.0855675467770764,0.0622186022308197,0.1326259946949602,1.549956726473439,1.0,0.022076447828623294,1.0542539292508935,0.6683736788271397,0.12633803463959203,0.051461917992986765,0.4298772490661475
"frozenset({'arrival_date_month_July', 'customer_type_Transient'})",frozenset({'market_segment_Online TA'}),0.0855675467770764,0.46912826082038056,0.0622186022308197,0.7271285034373348,1.549956726473439,1.0,0.022076447828623294,1.9455008891253112,0.3880228616671204,0.12633803463959203,0.4859935528224839,0.4298772490661475
"frozenset({'arrival_date_month_August', 'deposit_type_No Deposit'})",frozenset({'market_segment_Online TA'}),0.09792076743817733,0.46912826082038056,0.07088395665060296,0.7238909426987061,1.5430554992206469,1.0,0.024946557324133874,1.9226886085099522,0.39013775858679517,0.1428636570907433,0.4798949785347815,0.43749406069104585
frozenset({'market_segment_Online TA'}),"frozenset({'arrival_date_month_August', 'deposit_type_No Deposit'})",0.46912826082038056,0.09792076743817733,0.07088395665060296,0.1510971786833856,1.5430554992206469,1.0,0.024946557324133874,1.0626413411640379,0.6629382276088523,0.1428636570907433,0.05894871462032455,0.43749406069104585
"frozenset({'deposit_type_No Deposit', 'hotel_City Hotel'})",frozenset({'market_segment_Online TA'}),0.4574990384397837,0.46912826082038056,0.3269530984863911,0.7146530834281193,1.5233639563269565,1.0,0.11232737025613895,1.8604432301475016,0.6332856129582812,0.545217883418223,0.46249367688541787,0.7057953143207633
frozenset({'market_segment_Online TA'}),"frozenset({'deposit_type_No Deposit', 'hotel_City Hotel'})",0.46912826082038056,0.4574990384397837,0.3269530984863911,0.6969375452134072,1.5233639563269565,1.0,0.11232737025613895,1.790063246013858,0.6471583032523727,0.545217883418223,0.4413605205141124,0.7057953143207633
"frozenset({'customer_type_Transient', 'market_segment_Online TA'})","frozenset({'deposit_type_No Deposit', 'hotel_City Hotel'})",0.45023643068847713,0.4574990384397837,0.3115907599719451,0.6920603015075377,1.5127032919406391,1.0,0.10560802586140647,1.7617116734739402,0.6165047065819091,0.5226763824054044,0.43237022547050047,0.6865672161808002
"frozenset({'deposit_type_No Deposit', 'hotel_City Hotel'})","frozenset({'customer_type_Transient', 'market_segment_Online TA'})",0.4574990384397837,0.45023643068847713,0.3115907599719451,0.6810741308540627,1.512703291940639,1.0,0.10560802586140647,1.723797353860801,0.6247580225720997,0.5226763824054044,0.4198854072027127,0.6865672161808002
"frozenset({'customer_type_Transient', 'market_segment_Online TA'})","frozenset({'arrival_date_month_July', 'deposit_type_No Deposit'})",0.45023643068847713,0.09187990678522139,0.062014977714427925,0.13773869346733666,1.499116599990843,1.0,0.020647296431459856,1.0531843262995568,0.6056066613497335,0.12917059377945334,0.050498592669361034,0.4063478003165297
"frozenset({'arrival_date_month_July', 'deposit_type_No Deposit'})","frozenset({'customer_type_Transient', 'market_segment_Online TA'})",0.09187990678522139,0.45023643068847713,0.062014977714427925,0.6749569071657227,1.499116599990843,1.0,0.020647296431459856,1.6913559507379496,0.3666260467421688,0.12917059377945334,0.4087583991035753,0.4063478003165297
"frozenset({'market_segment_Online TA', 'hotel_City Hotel'})",frozenset({'deposit_type_No Deposit'}),0.3277675965519582,0.6712595307586144,0.3269530984863911,0.9975150134603438,1.4860347864752346,1.0,0.10693597542704478,132.2906438305549,0.48654043037085154,0.48648375694327556,0.9924408864372839,0.7422945319079669
frozenset({'deposit_type_No Deposit'}),"frozenset({'market_segment_Online TA', 'hotel_City Hotel'})",0.6712595307586144,0.3277675965519582,0.3269530984863911,0.48707405035559,1.4860347864752343,1.0,0.10693597542704478,1.3105837283414343,0.9949132324279931,0.48648375694327556,0.23698121808248254,0.7422945319079669
"frozenset({'customer_type_Transient', 'market_segment_Online TA', 'hotel_City Hotel'})",frozenset({'deposit_type_No Deposit'}),0.3124052580375122,0.6712595307586144,0.3115907599719451,0.9973928157589803,1.4858527440672478,1.0,0.10188575305516079,126.09023331347414,0.4755501711439041,0.46362565224709645,0.992069171626371,0.7307905128375272
frozenset({'deposit_type_No Deposit'}),"frozenset({'customer_type_Transient', 'market_segment_Online TA', 'hotel_City Hotel'})",0.6712595307586144,0.3124052580375122,0.3115907599719451,0.464188209916074,1.4858527440672475,1.0,0.10188575305516079,1.283276618184881,0.9946624398647205,0.46362565224709645,0.22074478266857145,0.7307905128375272
frozenset({'deposit_type_No Deposit'}),"frozenset({'arrival_date_month_July', 'market_segment_Online TA'})",0.6712595307586144,0.06407384782461141,0.06387022330821965,0.09514981967710405,1.485002429346159,1.0,0.020860042283572126,1.034343775940237,0.9934901808197782,0.09512096502459735,0.03320344428912714,0.5459859267877046
"frozenset({'arrival_date_month_July', 'market_segment_Online TA'})",frozenset({'deposit_type_No Deposit'}),0.06407384782461141,0.6712595307586144,0.06387022330821965,0.9968220338983053,1.485002429346159,1.0,0.020860042283572126,103.44366765462836,0.34895961339500997,0.09512096502459735,0.9903329027027663,0.5459859267877046
frozenset({'deposit_type_No Deposit'}),"frozenset({'arrival_date_month_July', 'market_segment_Online TA', 'customer_type_Transient'})",0.6712595307586144,0.0622186022308197,0.062014977714427925,0.09238599211297988,1.4848612601460354,1.0,0.020250147976511014,1.0332381272435314,0.9932954324896872,0.09235797560482512,0.03216889346912103,0.5445566324201263
"frozenset({'arrival_date_month_July', 'market_segment_Online TA', 'customer_type_Transient'})",frozenset({'deposit_type_No Deposit'}),0.0622186022308197,0.6712595307586144,0.062014977714427925,0.9967272727272727,1.4848612601460354,1.0,0.020250147976511014,100.44847671264426,0.34820098516430203,0.09235797560482512,0.9900446474379027,0.5445566324201263
frozenset({'deposit_type_No Deposit'}),frozenset({'market_segment_Online TA'}),0.6712595307586144,0.46912826082038056,0.4675218896355121,0.6964845461592909,1.4846356621989147,1.0,0.15261507341161856,1.7490764719289429,0.9929841345778515,0.6948217888365836,0.4282697091584768,0.8465301920572196
frozenset({'market_segment_Online TA'}),frozenset({'deposit_type_No Deposit'}),0.46912826082038056,0.6712595307586144,0.4675218896355121,0.9965758379551483,1.4846356621989147,1.0,0.15261507341161856,96.00610746084573,0.6149019551404783,0.6948217888365836,0.98958399599309,0.8465301920572196
frozenset({'deposit_type_No Deposit'}),"frozenset({'customer_type_Transient', 'market_segment_Online TA'})",0.6712595307586144,0.45023643068847713,0.44865268444987444,0.6683743975192963,1.484496482208813,1.0,0.14642718925549386,1.6577838538371352,0.9927920358144019,0.6668011701805708,0.3967850527163824,0.832428404789799
"frozenset({'customer_type_Transient', 'market_segment_Online TA'})",frozenset({'deposit_type_No Deposit'}),0.45023643068847713,0.6712595307586144,0.44865268444987444,0.9964824120603015,1.484496482208813,1.0,0.14642718925549386,93.45621911290866,0.5936568698458069,0.6668011701805708,0.9892998025225924,0.832428404789799
"frozenset({'arrival_date_month_August', 'market_segment_Online TA'})",frozenset({'deposit_type_No Deposit'}),0.07117808095205774,0.6712595307586144,0.07088395665060296,0.9958677685950413,1.4835808252429212,1.0,0.023104991430426006,79.55519355641557,0.35093396624321177,0.10555218651034298,0.9874301104013924,0.5507331023365513
frozenset({'deposit_type_No Deposit'}),"frozenset({'arrival_date_month_August', 'market_segment_Online TA'})",0.6712595307586144,0.07117808095205774,0.07088395665060296,0.10559843607806128,1.4835808252429212,1.0,0.023104991430426006,1.0384842295837127,0.9915273307765019,0.10555218651034298,0.03705807800195431,0.5507331023365513
frozenset({'deposit_type_No Deposit'}),"frozenset({'arrival_date_month_August', 'market_segment_Online TA', 'customer_type_Transient'})",0.6712595307586144,0.06889296137921673,0.06859883707776195,0.10219420944420103,1.4833766381688804,1.0,0.022353780149777576,1.0370918169778887,0.99124509476345,0.10214945084563035,0.03576521998406573,0.5489624577598673
"frozenset({'arrival_date_month_August', 'market_segment_Online TA', 'customer_type_Transient'})",frozenset({'deposit_type_No Deposit'}),0.06889296137921673,0.6712595307586144,0.06859883707776195,0.9957307060755336,1.4833766381688802,1.0,0.022353780149777576,77.00113298769266,0.34997305795093864,0.10214945084563035,0.9870131781027192,0.5489624577598673
"frozenset({'arrival_date_month_July', 'deposit_type_No Deposit'})",frozenset({'market_segment_Online TA'}),0.09187990678522139,0.46912826082038056,0.06387022330821965,0.6951489780842157,1.4817887476413913,1.0,0.020766762433730053,1.7414136775512394,0.35803631209486325,0.1284758567332636,0.42575390736209734,0.41564779504644833
frozenset({'market_segment_Online TA'}),"frozenset({'arrival_date_month_July', 'deposit_type_No Deposit'})",0.46912826082038056,0.09187990678522139,0.06387022330821965,0.13614661200868097,1.4817887476413913,1.0,0.020766762433730053,1.0512433079951113,0.6124642641861414,0.1284758567332636,0.04874543086779835,0.41564779504644833
"frozenset({'customer_type_Transient', 'market_segment_Online TA', 'hotel_Resort Hotel'})",frozenset({'deposit_type_No Deposit'}),0.13783117265096495,0.6712595307586144,0.13706192447792936,0.994418910045962,1.4814224073990183,1.0,0.04454143620033306,58.90255701819209,0.37692511372405946,0.20395246271420397,0.9830228083359581,0.5993025488245921
frozenset({'deposit_type_No Deposit'}),"frozenset({'customer_type_Transient', 'market_segment_Online TA', 'hotel_Resort Hotel'})",0.6712595307586144,0.13783117265096495,0.13706192447792936,0.2041861876032222,1.481422407399018,1.0,0.04454143620033306,1.0833800744830173,0.9885399386567608,0.20395246271420397,0.07696290198322667,0.5993025488245921
frozenset({'deposit_type_No Deposit'}),"frozenset({'market_segment_Online TA', 'hotel_Resort Hotel'})",0.6712595307586144,0.14136066426842236,0.14056879114912102,0.20941049580370083,1.4813915659455463,1.0,0.045679097984573785,1.0860747975707783,0.9884971889746971,0.20916374899003498,0.07925310279117212,0.6019043516150386
"frozenset({'market_segment_Online TA', 'hotel_Resort Hotel'})",frozenset({'deposit_type_No Deposit'}),0.14136066426842236,0.6712595307586144,0.14056879114912102,0.9943982074263764,1.4813915659455463,1.0,0.045679097984573785,58.68487005200476,0.37845812115101973,0.20916374899003498,0.9829598327624509,0.6019043516150386
"frozenset({'market_segment_Offline TA/TO', 'deposit_type_Non Refund'})","frozenset({'customer_type_Transient', 'hotel_City Hotel'})",0.11319260616756036,0.6126609199303151,0.10040951152741012,0.8870677593443933,1.4478934929378058,1.0,0.03106082530348274,3.429836137325013,0.3488259866029133,0.16054116625669224,0.7084408817326425,0.5254792986315379
"frozenset({'customer_type_Transient', 'hotel_City Hotel'})","frozenset({'market_segment_Offline TA/TO', 'deposit_type_Non Refund'})",0.6126609199303151,0.11319260616756036,0.10040951152741012,0.1638908379186824,1.4478934929378058,1.0,0.03106082530348274,1.0606359002512538,0.7986322062434457,0.16054116625669224,0.057169383232162536,0.5254792986315379
"frozenset({'customer_type_Transient', 'market_segment_Online TA'})","frozenset({'hotel_Resort Hotel', 'deposit_type_No Deposit'})",0.45023643068847713,0.21376049231883074,0.13706192447792936,0.3044221105527638,1.4241271024895858,1.0,0.04081916339408738,1.130339994426764,0.5417155678435617,0.260111635895234,0.11531043320542166,0.472808007012199
"frozenset({'hotel_Resort Hotel', 'deposit_type_No Deposit'})","frozenset({'customer_type_Transient', 'market_segment_Online TA'})",0.21376049231883074,0.45023643068847713,0.13706192447792936,0.6411939034716342,1.4241271024895858,1.0,0.04081916339408738,1.5322024197213178,0.37878468484448513,0.260111635895234,0.3473447195169661,0.472808007012199
frozenset({'market_segment_Online TA'}),"frozenset({'hotel_Resort Hotel', 'deposit_type_No Deposit'})",0.46912826082038056,0.21376049231883074,0.14056879114912102,0.29963829274174103,1.40174776681755,1.0,0.04028770315547964,1.1226192116629283,0.5398759634190905,0.25919899874843555,0.10922600503272459,0.4786188923488553
"frozenset({'hotel_Resort Hotel', 'deposit_type_No Deposit'})",frozenset({'market_segment_Online TA'}),0.21376049231883074,0.46912826082038056,0.14056879114912102,0.6575994919559696,1.40174776681755,1.0,0.04028770315547964,1.5504408629888855,0.3645261893374447,0.25919899874843555,0.3550221592636336,0.4786188923488553
frozenset({'market_segment_Online TA'}),"frozenset({'customer_type_Transient', 'hotel_Resort Hotel'})",0.46912826082038056,0.2130138690920609,0.13783117265096495,0.29380274897516273,1.3792658207066615,1.0,0.037900346713186206,1.114399878739064,0.5179718111919094,0.2532213816609859,0.10265604018954741,0.47042766232613686
"frozenset({'customer_type_Transient', 'hotel_Resort Hotel'})",frozenset({'market_segment_Online TA'}),0.2130138690920609,0.46912826082038056,0.13783117265096495,0.6470525756771109,1.3792658207066615,1.0,0.037900346713186206,1.504109968214299,0.349404627926833,0.2532213816609859,0.3351549945598631,0.47042766232613686
"frozenset({'customer_type_Transient', 'hotel_Resort Hotel'})","frozenset({'market_segment_Online TA', 'deposit_type_No Deposit'})",0.2130138690920609,0.4675218896355121,0.13706192447792936,0.643441317047265,1.3762806219595465,1.0,0.037473277881437436,1.4933814146802662,0.3474063715728029,0.25219599517089214,0.33037870287537996,0.46830408864364803
"frozenset({'market_segment_Online TA', 'deposit_type_No Deposit'})","frozenset({'customer_type_Transient', 'hotel_Resort Hotel'})",0.4675218896355121,0.2130138690920609,0.13706192447792936,0.29316686024003097,1.3762806219595463,1.0,0.037473277881437436,1.113397330486215,0.513455841461159,0.25219599517089214,0.10184803518138019,0.46830408864364803
"frozenset({'arrival_date_month_August', 'customer_type_Transient'})",frozenset({'deposit_type_No Deposit'}),0.09025091065408719,0.6712595307586144,0.08072580827620535,0.894459764351968,1.3325095933328603,1.0,0.02014402434000514,3.114835467467666,0.27429140928287926,0.11857760053173813,0.6789557553057558,0.507359984302783
frozenset({'deposit_type_No Deposit'}),"frozenset({'arrival_date_month_August', 'customer_type_Transient'})",0.6712595307586144,0.09025091065408719,0.08072580827620535,0.12026020425359804,1.3325095933328603,1.0,0.02014402434000514,1.0341115563313241,0.759067967464871,0.11857760053173813,0.032986340905366326,0.507359984302783
frozenset({'customer_type_Transient-Party'}),"frozenset({'deposit_type_No Deposit', 'hotel_City Hotel'})",0.14446028190683047,0.4574990384397837,0.08712866806941333,0.6031323414252153,1.31832482857688,1.0,0.021038228004298304,1.3669568427632126,0.28223307411420795,0.16923753021313998,0.2684480089520849,0.3967889589031027
"frozenset({'deposit_type_No Deposit', 'hotel_City Hotel'})",frozenset({'customer_type_Transient-Party'}),0.4574990384397837,0.14446028190683047,0.08712866806941333,0.19044557638099005,1.31832482857688,1.0,0.021038228004298304,1.0568032156116054,0.4450897266058328,0.16923753021313998,0.05375004047345902,0.3967889589031027
"frozenset({'customer_type_Transient', 'deposit_type_No Deposit'})",frozenset({'hotel_Resort Hotel'}),0.5331568587524604,0.25158940247516914,0.17622570646394714,0.3305325694886484,1.31377779126158,1.0,0.04208909094487748,1.117919354124787,0.5115985476345415,0.2895969660916121,0.10548109189602979,0.515491104888209
frozenset({'hotel_Resort Hotel'}),"frozenset({'customer_type_Transient', 'deposit_type_No Deposit'})",0.25158940247516914,0.5331568587524604,0.17622570646394714,0.7004496402877697,1.31377779126158,1.0,0.04208909094487748,1.5584796549602635,0.3191246540672671,0.2895969660916121,0.35834901866235985,0.515491104888209
frozenset({'arrival_date_month_July'}),"frozenset({'customer_type_Transient', 'deposit_type_No Deposit'})",0.10717437046087015,0.5331568587524604,0.07491119708590692,0.6989655900358877,1.310994276002385,1.0,0.0177704463922169,1.5507966059534324,0.26569596041080534,0.13248769557040532,0.3551701131140932,0.41973528812212374
"frozenset({'customer_type_Transient', 'deposit_type_No Deposit'})",frozenset({'arrival_date_month_July'}),0.5331568587524604,0.10717437046087015,0.07491119708590692,0.14050498620835986,1.310994276002385,1.0,0.0177704463922169,1.0387793008832622,0.508136764065678,0.13248769557040532,0.03733160725313713,0.41973528812212374
"frozenset({'arrival_date_month_July', 'customer_type_Transient'})",frozenset({'deposit_type_No Deposit'}),0.0855675467770764,0.6712595307586144,0.07491119708590692,0.875462718138551,1.3042089952140556,1.0,0.017473165788160827,2.6396952328469645,0.2550781330243807,0.10985401459854013,0.6211683880939998,0.4935303411718068
frozenset({'deposit_type_No Deposit'}),"frozenset({'arrival_date_month_July', 'customer_type_Transient'})",0.6712595307586144,0.0855675467770764,0.07491119708590692,0.11159796420506252,1.3042089952140556,1.0,0.017473165788160827,1.0293002676481873,0.709531514277109,0.10985401459854013,0.028466200358749003,0.4935303411718068
frozenset({'hotel_City Hotel'}),"frozenset({'market_segment_Offline TA/TO', 'deposit_type_Non Refund'})",0.7484105975248309,0.11319260616756036,0.10982148917396321,0.1467396233259772,1.2963710996172029,1.0,0.025106943156706515,1.0393162721198679,0.9086866909439074,0.14608161791260382,0.03782897773713813,0.5584787463022051
"frozenset({'market_segment_Offline TA/TO', 'deposit_type_Non Refund'})",frozenset({'hotel_City Hotel'}),0.11319260616756036,0.7484105975248309,0.10982148917396321,0.9702178692784329,1.2963710996172029,1.0,0.025106943156706515,8.447662956934694,0.25779661198327003,0.14608161791260382,0.8816240651292676,0.5584787463022051
"frozenset({'customer_type_Transient', 'market_segment_Offline TA/TO', 'deposit_type_Non Refund'})",frozenset({'hotel_City Hotel'}),0.10371275368221,0.7484105975248309,0.10040951152741012,0.9681500872600349,1.2936082017837989,1.0,0.022789787573161732,7.899217951686139,0.2532317790368166,0.13357411587659895,0.8734051894609968,0.5511568780264623
frozenset({'hotel_City Hotel'}),"frozenset({'customer_type_Transient', 'market_segment_Offline TA/TO', 'deposit_type_Non Refund'})",0.7484105975248309,0.10371275368221,0.10040951152741012,0.13416366879288974,1.2936082017837989,1.0,0.022789787573161732,1.0351693663261121,0.902138212818659,0.13357411587659895,0.03397450453052969,0.5511568780264623
"frozenset({'customer_type_Transient', 'market_segment_Online TA'})",frozenset({'arrival_date_month_August'}),0.45023643068847713,0.11848684359374646,0.06889296137921673,0.15301507537688444,1.2914098370408469,1.0,0.01554586783602447,1.0407660523574278,0.4104536862220946,0.13783269961977188,0.03916927561682962,0.36722741548107163
frozenset({'arrival_date_month_August'}),"frozenset({'customer_type_Transient', 'market_segment_Online TA'})",0.11848684359374646,0.45023643068847713,0.06889296137921673,0.5814397555852588,1.2914098370408469,1.0,0.01554586783602447,1.313463418104218,0.25598311486860725,0.13783269961977188,0.2386540909960433,0.36722741548107163
frozenset({'arrival_date_month_August'}),"frozenset({'customer_type_Transient', 'market_segment_Online TA', 'deposit_type_No Deposit'})",0.11848684359374646,0.44865268444987444,0.06859883707776195,0.5789574183692955,1.2904356497480833,1.0,0.015439396627435188,1.3094811299483031,0.2553199626616775,0.13759927388245974,0.23633874736363783,0.3659285326843956
"frozenset({'customer_type_Transient', 'market_segment_Online TA', 'deposit_type_No Deposit'})",frozenset({'arrival_date_month_August'}),0.44865268444987444,0.11848684359374646,0.06859883707776195,0.15289964699949574,1.2904356497480833,1.0,0.015439396627435188,1.0406242345241106,0.4082143865248585,0.13759927388245974,0.03903833216289493,0.3659285326843956
frozenset({'arrival_date_month_July'}),"frozenset({'customer_type_Transient', 'market_segment_Online TA', 'deposit_type_No Deposit'})",0.10717437046087015,0.44865268444987444,0.062014977714427925,0.5786362676799662,1.2897198383856192,1.0,0.013930908702933203,1.3084830830465657,0.2516032261054562,0.12558416567396682,0.23575626390852422,0.3584305897149201
"frozenset({'customer_type_Transient', 'market_segment_Online TA', 'deposit_type_No Deposit'})",frozenset({'arrival_date_month_July'}),0.44865268444987444,0.10717437046087015,0.062014977714427925,0.13822491174987392,1.289719838385619,1.0,0.013930908702933203,1.0360309107473196,0.407434302128668,0.12558416567396682,0.034777833724410255,0.3584305897149201
frozenset({'arrival_date_month_July'}),"frozenset({'customer_type_Transient', 'market_segment_Online TA'})",0.10717437046087015,0.45023643068847713,0.0622186022308197,0.580536204348744,1.2894029997995042,1.0,0.013964796213232968,1.3106341357970226,0.25138982957137135,0.12564536025951478,0.2370105640565511,0.35936357956130666
"frozenset({'customer_type_Transient', 'market_segment_Online TA'})",frozenset({'arrival_date_month_July'}),0.45023643068847713,0.10717437046087015,0.0622186022308197,0.13819095477386933,1.289402999799504,1.0,0.013964796213232968,1.0359900890862206,0.40826146979486627,0.12564536025951478,0.03473980056890809,0.35936357956130666
frozenset({'arrival_date_month_August'}),frozenset({'market_segment_Online TA'}),0.11848684359374646,0.46912826082038056,0.07117808095205774,0.6007256062631278,1.2805146405220151,1.0,0.015592554086827012,1.3295912472901323,0.24850903677709285,0.13782528695347412,0.24788915237060963,0.3762248720970811
frozenset({'market_segment_Online TA'}),frozenset({'arrival_date_month_August'}),0.46912826082038056,0.11848684359374646,0.07117808095205774,0.15172413793103448,1.2805146405220151,1.0,0.015592554086827012,1.0391821762512745,0.4126495521185259,0.13782528695347412,0.037704819373076154,0.3762248720970811
"frozenset({'market_segment_Online TA', 'deposit_type_No Deposit'})",frozenset({'arrival_date_month_August'}),0.4675218896355121,0.11848684359374646,0.07088395665060296,0.15161633759194737,1.279604832008112,1.0,0.015488763636707238,1.0390501319935441,0.41036190945824963,0.13760541110330288,0.03758252926509117,0.3749298033195559
frozenset({'arrival_date_month_August'}),"frozenset({'market_segment_Online TA', 'deposit_type_No Deposit'})",0.11848684359374646,0.4675218896355121,0.07088395665060296,0.5982432690471644,1.2796048320081117,1.0,0.015488763636707238,1.3253744600659805,0.24787915248446965,0.13760541110330288,0.24549625020673974,0.3749298033195559
frozenset({'arrival_date_month_August'}),"frozenset({'customer_type_Transient', 'deposit_type_No Deposit'})",0.11848684359374646,0.5331568587524604,0.08072580827620535,0.68130609127363,1.2778717559178092,1.0,0.01755373494226939,1.4648637092350898,0.24667681693074298,0.1413965284933027,0.31734263488432546,0.4163585410749648
"frozenset({'customer_type_Transient', 'deposit_type_No Deposit'})",frozenset({'arrival_date_month_August'}),0.5331568587524604,0.11848684359374646,0.08072580827620535,0.1514109908762996,1.2778717559178092,1.0,0.01755373494226939,1.0387986963401192,0.4657857003613263,0.1413965284933027,0.03734958127769536,0.4163585410749648
frozenset({'arrival_date_month_July'}),frozenset({'deposit_type_No Deposit'}),0.10717437046087015,0.6712595307586144,0.09187990678522139,0.8572936457673633,1.2771418601662237,1.0,0.019938089160307773,2.3036147970361593,0.24305039945603757,0.13382764870654143,0.5658996455107841,0.4970852603099515
frozenset({'deposit_type_No Deposit'}),frozenset({'arrival_date_month_July'}),0.6712595307586144,0.10717437046087015,0.09187990678522139,0.1368768748525397,1.2771418601662237,1.0,0.019938089160307773,1.0344128242266653,0.6601001282404786,0.13382764870654143,0.03326797910920384,0.4970852603099515
"frozenset({'market_segment_Online TA', 'deposit_type_No Deposit'})",frozenset({'arrival_date_month_July'}),0.4675218896355121,0.10717437046087015,0.06387022330821965,0.1366144018583043,1.2746928325385671,1.0,0.013763859109857224,1.0340983582084289,0.40470635567304647,0.12503321817698645,0.03297399897965619,0.3662806018157893
frozenset({'arrival_date_month_July'}),"frozenset({'market_segment_Online TA', 'deposit_type_No Deposit'})",0.10717437046087015,0.4675218896355121,0.06387022330821965,0.5959468017732743,1.2746928325385671,1.0,0.013763859109857224,1.3178415928926748,0.24136546755778088,0.12503321817698645,0.24118345832066926,0.3662806018157893
frozenset({'arrival_date_month_July'}),frozenset({'market_segment_Online TA'}),0.10717437046087015,0.46912826082038056,0.06407384782461141,0.5978467384420519,1.27437800783218,1.0,0.01379532180578423,1.3200731908104237,0.241148398287475,0.12508833922261484,0.24246624584044724,0.36721369958032185
frozenset({'market_segment_Online TA'}),frozenset({'arrival_date_month_July'}),0.46912826082038056,0.10717437046087015,0.06407384782461141,0.13658066071859173,1.2743780078321798,1.0,0.01379532180578423,1.034057947187279,0.4055658921420192,0.12508833922261484,0.032936207569333444,0.36721369958032185
"frozenset({'customer_type_Transient', 'hotel_City Hotel'})",frozenset({'deposit_type_Non Refund'}),0.6126609199303151,0.32792597117581845,0.2554356433403471,0.41692824698105546,1.271409658363162,1.0,0.054528216170728144,1.152643778993604,0.5511229232717733,0.37281643166132816,0.13242927413956138,0.597935628941059
frozenset({'deposit_type_Non Refund'}),"frozenset({'customer_type_Transient', 'hotel_City Hotel'})",0.32792597117581845,0.6126609199303151,0.2554356433403471,0.7789430109010625,1.271409658363162,1.0,0.054528216170728144,1.752213678692264,0.31763085158770443,0.37281643166132816,0.4292933492299103,0.597935628941059
frozenset({'deposit_type_No Deposit'}),frozenset({'hotel_Resort Hotel'}),0.6712595307586144,0.25158940247516914,0.21376049231883074,0.318446863729819,1.2657403714023623,1.0,0.0448787080695085,1.0980957429387372,0.6386453208142454,0.3014581538559714,0.0893325956042888,0.5840435757498015
frozenset({'hotel_Resort Hotel'}),frozenset({'deposit_type_No Deposit'}),0.25158940247516914,0.6712595307586144,0.21376049231883074,0.8496402877697841,1.2657403714023623,1.0,0.0448787080695085,2.1863600585910317,0.2805259080211308,0.3014581538559714,0.5426187941594416,0.5840435757498015
frozenset({'deposit_type_No Deposit'}),frozenset({'customer_type_Transient-Party'}),0.6712595307586144,0.14446028190683047,0.12059096359646146,0.17964879166807105,1.2435860521436293,1.0,0.023620622550425283,1.0428944449692363,0.595831423373263,0.17348001562296578,0.041130188367722864,0.5072088907439807
frozenset({'customer_type_Transient-Party'}),frozenset({'deposit_type_No Deposit'}),0.14446028190683047,0.6712595307586144,0.12059096359646146,0.8347689898198903,1.243586052143629,1.0,0.023620622550425283,1.9895809441765369,0.228947759602621,0.17348001562296578,0.4973815953922459,0.5072088907439807
frozenset({'deposit_type_No Deposit'}),"frozenset({'customer_type_Transient', 'hotel_Resort Hotel'})",0.6712595307586144,0.2130138690920609,0.17622570646394714,0.2625299133775995,1.232454555642753,1.0,0.033238116652133415,1.0671431223906602,0.5737384776049164,0.24888959897747245,0.0629185729466571,0.5449133900398353
"frozenset({'customer_type_Transient', 'hotel_Resort Hotel'})",frozenset({'deposit_type_No Deposit'}),0.2130138690920609,0.6712595307586144,0.17622570646394714,0.8272968667020711,1.232454555642753,1.0,0.033238116652133415,1.9035003185163866,0.23966249078885216,0.24888959897747245,0.4746520448289637,0.5449133900398353
frozenset({'deposit_type_No Deposit'}),frozenset({'arrival_date_month_August'}),0.6712595307586144,0.11848684359374646,0.09792076743817733,0.14587616704304157,1.2311591955576464,1.0,0.01838534440636974,1.0320671574688107,0.571141595627887,0.1415396690431029,0.031070805069950067,0.4861517554711102
frozenset({'arrival_date_month_August'}),frozenset({'deposit_type_No Deposit'}),0.11848684359374646,0.6712595307586144,0.09792076743817733,0.8264273438991789,1.2311591955576464,1.0,0.01838534440636974,1.893964617620612,0.21299438900654993,0.1415396690431029,0.4720070318650936,0.4861517554711102
frozenset({'arrival_date_month_July'}),"frozenset({'deposit_type_No Deposit', 'hotel_City Hotel'})",0.10717437046087015,0.4574990384397837,0.05997873255051019,0.5596369009921892,1.223252627810384,1.0,0.01094656111927294,1.2319401030252852,0.20441547642651453,0.11884161922266553,0.18827222399506932,0.3453691156461861
"frozenset({'deposit_type_No Deposit', 'hotel_City Hotel'})",frozenset({'arrival_date_month_July'}),0.4574990384397837,0.10717437046087015,0.05997873255051019,0.13110133030018298,1.2232526278103837,1.0,0.01094656111927294,1.0275371118332808,0.33641853076750006,0.11884161922266553,0.02679914089346175,0.3453691156461861
"frozenset({'customer_type_Transient', 'market_segment_Online TA'})",frozenset({'hotel_Resort Hotel'}),0.45023643068847713,0.25158940247516914,0.13783117265096495,0.30613065326633165,1.2167867575286504,1.0,0.024556458081498075,1.0786044967224895,0.3240726031461238,0.24438382541720152,0.07287610700802902,0.42698618994251836
frozenset({'hotel_Resort Hotel'}),"frozenset({'customer_type_Transient', 'market_segment_Online TA'})",0.25158940247516914,0.45023643068847713,0.13783117265096495,0.547841726618705,1.2167867575286504,1.0,0.024556458081498075,1.2158653322880137,0.23805556951079723,0.24438382541720152,0.17754049445739095,0.42698618994251836
frozenset({'hotel_Resort Hotel'}),"frozenset({'customer_type_Transient', 'market_segment_Online TA', 'deposit_type_No Deposit'})",0.25158940247516914,0.44865268444987444,0.13706192447792936,0.5447841726618704,1.2142670523188104,1.0,0.02418566367830484,1.2111778247564986,0.2357769011629381,0.24337136429374898,0.1743574068481271,0.42514044740002244
"frozenset({'customer_type_Transient', 'market_segment_Online TA', 'deposit_type_No Deposit'})",frozenset({'hotel_Resort Hotel'}),0.44865268444987444,0.25158940247516914,0.13706192447792936,0.30549672213817447,1.2142670523188104,1.0,0.02418566367830484,1.0776199643419544,0.32004859097906474,0.24337136429374898,0.07202907046117393,0.42514044740002244
frozenset({'deposit_type_No Deposit'}),"frozenset({'market_segment_Groups', 'customer_type_Transient-Party'})",0.6712595307586144,0.07522794633362746,0.061313604380189596,0.09134113047288415,1.2141914663972952,1.0,0.010816128424344595,1.0177329300132647,0.5366137752912283,0.08948619733192445,0.0174239522868084,0.45318936222892325
"frozenset({'market_segment_Groups', 'customer_type_Transient-Party'})",frozenset({'deposit_type_No Deposit'}),0.07522794633362746,0.6712595307586144,0.061313604380189596,0.8150375939849623,1.2141914663972952,1.0,0.010816128424344595,1.7773366832969213,0.19075691527576324,0.08948619733192445,0.4373604003125499,0.45318936222892325
frozenset({'hotel_Resort Hotel'}),frozenset({'market_segment_Online TA'}),0.25158940247516914,0.46912826082038056,0.14136066426842236,0.5618705035971222,1.1976905902333834,1.0,0.023332965444407522,1.211677696978113,0.22054714088211358,0.24399578240324915,0.1746980220119845,0.4315983817720359
frozenset({'market_segment_Online TA'}),frozenset({'hotel_Resort Hotel'}),0.46912826082038056,0.25158940247516914,0.14136066426842236,0.3013262599469496,1.1976905902333834,1.0,0.023332965444407522,1.0711875294869446,0.31092221587280244,0.24399578240324915,0.06645664510400028,0.4315983817720359
frozenset({'deposit_type_No Deposit'}),"frozenset({'arrival_date_month_July', 'hotel_City Hotel'})",0.6712595307586144,0.0746849476232494,0.05997873255051019,0.08935252283528262,1.1963926558002596,1.0,0.009845749654196108,1.0161067543476872,0.4993422731569305,0.08743692074276857,0.015851439111855263,0.4462212477854086
"frozenset({'arrival_date_month_July', 'hotel_City Hotel'})",frozenset({'deposit_type_No Deposit'}),0.0746849476232494,0.6712595307586144,0.05997873255051019,0.8030899727355346,1.1963926558002593,1.0,0.009845749654196108,1.6694958291781743,0.177403374956482,0.08743692074276857,0.401016772535299,0.4462212477854086
frozenset({'hotel_Resort Hotel'}),"frozenset({'market_segment_Online TA', 'deposit_type_No Deposit'})",0.25158940247516914,0.4675218896355121,0.14056879114912102,0.5587230215827338,1.1950735013034868,1.0,0.02294523829166055,1.2066754814047493,0.21810405182951023,0.2429705525790935,0.17127677208137884,0.4296954248447932
"frozenset({'market_segment_Online TA', 'deposit_type_No Deposit'})",frozenset({'hotel_Resort Hotel'}),0.4675218896355121,0.25158940247516914,0.14056879114912102,0.3006678281068525,1.1950735013034868,1.0,0.02294523829166055,1.070178990191205,0.3065504113222166,0.2429705525790935,0.06557687156488323,0.4296954248447932
frozenset({'hotel_City Hotel'}),frozenset({'deposit_type_Non Refund'}),0.7484105975248309,0.32792597117581845,0.29059480983732666,0.3882825962090753,1.1840556416341188,1.0,0.04517153780572192,1.0986674968853523,0.6178523157805121,0.3698350082063982,0.08980651303972123,0.6372211932335566
frozenset({'deposit_type_Non Refund'}),frozenset({'hotel_City Hotel'}),0.32792597117581845,0.7484105975248309,0.29059480983732666,0.8861597902580379,1.1840556416341188,1.0,0.04517153780572192,2.210022302712185,0.2312916260386903,0.3698350082063982,0.5475158785625017,0.6372211932335566
frozenset({'customer_type_Transient'}),"frozenset({'market_segment_Online TA', 'hotel_Resort Hotel', 'deposit_type_No Deposit'})",0.8256747890223761,0.14056879114912102,0.13706192447792936,0.1659998903929413,1.180915685735975,1.0,0.020997817502748414,1.0304929207453009,0.8788143340312518,0.16529782531583398,0.029590616423882814,0.5705261000331036
"frozenset({'market_segment_Online TA', 'hotel_Resort Hotel', 'deposit_type_No Deposit'})",frozenset({'customer_type_Transient'}),0.14056879114912102,0.8256747890223761,0.13706192447792936,0.9750523096732657,1.1809156857359748,1.0,0.020997817502748414,6.987629263251463,0.178256843145127,0.16529782531583398,0.8568899461711449,0.5705261000331036
frozenset({'customer_type_Transient'}),"frozenset({'market_segment_Online TA', 'hotel_Resort Hotel'})",0.8256747890223761,0.14136066426842236,0.13783117265096495,0.1669315503918452,1.1808911004752187,1.0,0.021113236005072367,1.0306948200180313,0.8787132026640609,0.16622100954979532,0.029780706589264218,0.5709817803175615
"frozenset({'market_segment_Online TA', 'hotel_Resort Hotel'})",frozenset({'customer_type_Transient'}),0.14136066426842236,0.8256747890223761,0.13783117265096495,0.9750320102432778,1.1808911004752187,1.0,0.021113236005072367,6.981948193514048,0.17840070687271975,0.16622100954979532,0.8567735004208481,0.5709817803175615
frozenset({'deposit_type_No Deposit'}),"frozenset({'customer_type_Transient-Party', 'hotel_City Hotel'})",0.6712595307586144,0.11009298852915224,0.08712866806941333,0.12979877987124608,1.1789922465123728,1.0,0.01322770024952108,1.0226450973479193,0.46181719498676,0.12550514926345976,0.022143652188472928,0.460604281016593
"frozenset({'customer_type_Transient-Party', 'hotel_City Hotel'})",frozenset({'deposit_type_No Deposit'}),0.11009298852915224,0.6712595307586144,0.08712866806941333,0.7914097821619399,1.1789922465123726,1.0,0.01322770024952108,1.5760109589444153,0.17059984855357138,0.12550514926345976,0.36548664568310957,0.460604281016593
frozenset({'customer_type_Transient'}),"frozenset({'arrival_date_month_July', 'market_segment_Online TA'})",0.8256747890223761,0.06407384782461141,0.0622186022308197,0.0753548528525237,1.1760625498688897,1.0,0.009314441446381841,1.0122003614713322,0.8587690165771933,0.0751859142607174,0.012053306771791417,0.5232000252963184
"frozenset({'arrival_date_month_July', 'market_segment_Online TA'})",frozenset({'customer_type_Transient'}),0.06407384782461141,0.8256747890223761,0.0622186022308197,0.9710451977401131,1.1760625498688897,1.0,0.009314441446381841,6.02059753034918,0.1599539553926384,0.0751859142607174,0.8339035295152835,0.5232000252963184
"frozenset({'arrival_date_month_July', 'market_segment_Online TA', 'deposit_type_No Deposit'})",frozenset({'customer_type_Transient'}),0.06387022330821965,0.8256747890223761,0.062014977714427925,0.9709528869996457,1.1759507495066952,1.0,0.00927894455960162,6.001464275485737,0.15983280760235338,0.07493985126859141,0.833373997728402,0.5230305619850533
frozenset({'customer_type_Transient'}),"frozenset({'arrival_date_month_July', 'market_segment_Online TA', 'deposit_type_No Deposit'})",0.8256747890223761,0.06387022330821965,0.062014977714427925,0.07510823697046089,1.1759507495066952,1.0,0.00927894455960162,1.0121506257396329,0.8583052884302369,0.07493985126859141,0.012004760389051638,0.5230305619850533
frozenset({'arrival_date_month_March'}),"frozenset({'customer_type_Transient', 'hotel_City Hotel'})",0.07122333084458925,0.6126609199303151,0.05124550329192968,0.7195044472681067,1.1743925944386073,1.0,0.007609751896182446,1.3809098800219342,0.15988342288704252,0.08100278950003577,0.275839781822608,0.40157429978162157
"frozenset({'customer_type_Transient', 'hotel_City Hotel'})",frozenset({'arrival_date_month_March'}),0.6126609199303151,0.07122333084458925,0.05124550329192968,0.08364415229513646,1.1743925944386073,1.0,0.007609751896182446,1.0135545830603436,0.38337467248457846,0.08100278950003577,0.01337331337343149,0.40157429978162157
frozenset({'customer_type_Transient'}),"frozenset({'arrival_date_month_August', 'market_segment_Online TA'})",0.8256747890223761,0.07117808095205774,0.06889296137921673,0.08343837343124898,1.1722481459910277,1.0,0.010123014406108848,1.0133763973133907,0.8428975704045636,0.08320808853668535,0.013199831127756153,0.5256670570271312
"frozenset({'arrival_date_month_August', 'market_segment_Online TA'})",frozenset({'customer_type_Transient'}),0.07117808095205774,0.8256747890223761,0.06889296137921673,0.9678957406230134,1.1722481459910277,1.0,0.010123014406108848,5.429971423124812,0.15819856721718656,0.08320808853668535,0.8158369681760635,0.5256670570271312
frozenset({'customer_type_Transient'}),"frozenset({'arrival_date_month_August', 'market_segment_Online TA', 'deposit_type_No Deposit'})",0.8256747890223761,0.07088395665060296,0.06859883707776195,0.08308215049049159,1.1720868080208227,1.0,0.010071741125204092,1.0133034751656476,0.842223978193237,0.0828528487498292,0.013128816284255527,0.5254223392094973
"frozenset({'arrival_date_month_August', 'market_segment_Online TA', 'deposit_type_No Deposit'})",frozenset({'customer_type_Transient'}),0.07088395665060296,0.8256747890223761,0.06859883707776195,0.967762527928503,1.1720868080208227,1.0,0.010071741125204092,5.407533524682135,0.158022104708978,0.0828528487498292,0.8150728062182875,0.5254223392094973
"frozenset({'market_segment_Groups', 'deposit_type_Non Refund'})","frozenset({'customer_type_Transient', 'hotel_City Hotel'})",0.20611326048100637,0.6126609199303151,0.14789927373922487,0.717563117453348,1.1712239088711005,1.0,0.021621733963094858,1.371418196437944,0.1841475436444873,0.2204573047349251,0.27082781707479725,0.4794839480320398
"frozenset({'customer_type_Transient', 'hotel_City Hotel'})","frozenset({'market_segment_Groups', 'deposit_type_Non Refund'})",0.6126609199303151,0.20611326048100637,0.14789927373922487,0.2414047786107316,1.1712239088711005,1.0,0.021621733963094858,1.0465221993688458,0.37742717049891444,0.2204573047349251,0.04445409700520748,0.4794839480320398
"frozenset({'customer_type_Transient', 'deposit_type_Non Refund'})",frozenset({'hotel_City Hotel'}),0.29206543134460056,0.7484105975248309,0.2554356433403471,0.8745836238283369,1.1685879739287361,1.0,0.036850779351387114,2.0060331047263498,0.2037849274806017,0.32537898437950313,0.5015037400709228,0.607943887248973
frozenset({'hotel_City Hotel'}),"frozenset({'customer_type_Transient', 'deposit_type_Non Refund'})",0.7484105975248309,0.29206543134460056,0.2554356433403471,0.3413041506696091,1.168587973928736,1.0,0.036850779351387114,1.074751828746246,0.573419998279499,0.32537898437950313,0.06955264159303462,0.607943887248973
frozenset({'customer_type_Transient'}),frozenset({'market_segment_Online TA'}),0.8256747890223761,0.46912826082038056,0.45023643068847713,0.5452951170055351,1.1623582771414347,1.0,0.06288905291117519,1.1675083313017374,0.8012614011002451,0.5330975916847491,0.14347506292736306,0.7525125211263508
frozenset({'market_segment_Online TA'}),frozenset({'customer_type_Transient'}),0.46912826082038056,0.8256747890223761,0.45023643068847713,0.9597299252471666,1.1623582771414347,1.0,0.06288905291117519,4.328902095354526,0.2631145199231754,0.5330975916847491,0.7689945445813778,0.7525125211263508
"frozenset({'market_segment_Online TA', 'deposit_type_No Deposit'})",frozenset({'customer_type_Transient'}),0.4675218896355121,0.8256747890223761,0.44865268444987444,0.9596399535423926,1.1622493096569357,1.0,0.06263164686173034,4.3192519899779676,0.2621692801817358,0.5312366052293185,0.7684784304503843,0.7515084735103863
frozenset({'customer_type_Transient'}),"frozenset({'market_segment_Online TA', 'deposit_type_No Deposit'})",0.8256747890223761,0.4675218896355121,0.44865268444987444,0.54337699347838,1.1622493096569355,1.0,0.06263164686173034,1.1661219490903516,0.8007987033195528,0.5312366052293185,0.14245675524754267,0.7515084735103863
frozenset({'arrival_date_month_May'}),"frozenset({'customer_type_Transient', 'hotel_City Hotel'})",0.105816873684925,0.6126609199303151,0.07527319622615897,0.7113534316869788,1.1610883092851576,1.0,0.010443333050202869,1.3419147240636415,0.1551573311897739,0.11702838650673608,0.25479616396803617,0.41710808332382476
"frozenset({'customer_type_Transient', 'hotel_City Hotel'})",frozenset({'arrival_date_month_May'}),0.6126609199303151,0.105816873684925,0.07527319622615897,0.12286273496067064,1.1610883092851576,1.0,0.010443333050202869,1.0194335162296193,0.3581850492571404,0.11702838650673608,0.019063054059174175,0.41710808332382476
frozenset({'arrival_date_month_April'}),"frozenset({'customer_type_Transient', 'hotel_City Hotel'})",0.10221950722867033,0.6126609199303151,0.07264870245933167,0.7107127047366092,1.160042499230156,1.0,0.010022805125790998,1.3389425889478475,0.15367076728407028,0.11311914323962517,0.2531419881222775,0.41464583868611543
"frozenset({'customer_type_Transient', 'hotel_City Hotel'})",frozenset({'arrival_date_month_April'}),0.6126609199303151,0.10221950722867033,0.07264870245933167,0.11857897263562171,1.160042499230156,1.0,0.010022805125790998,1.0185603303064703,0.35618047410042014,0.11311914323962517,0.018222121708672767,0.41464583868611543
frozenset({'hotel_City Hotel'}),"frozenset({'customer_type_Transient', 'market_segment_Offline TA/TO'})",0.7484105975248309,0.13538767845426367,0.11697097219394104,0.15629251186553403,1.1544072078784657,1.0,0.015645398864485904,1.0247773472504,0.5316382213378237,0.1525388723335202,0.024178273765399418,0.5101315500504141
"frozenset({'customer_type_Transient', 'market_segment_Offline TA/TO'})",frozenset({'hotel_City Hotel'}),0.13538767845426367,0.7484105975248309,0.11697097219394104,0.8639705882352942,1.1544072078784657,1.0,0.015645398864485904,1.8495220938715142,0.15469886226027998,0.1525388723335202,0.45931978681760494,0.5101315500504141
frozenset({'customer_type_Transient'}),"frozenset({'market_segment_Online TA', 'hotel_City Hotel'})",0.8256747890223761,0.3277675965519582,0.3124052580375122,0.3783635666136899,1.1543653814287624,1.0,0.041775816906102825,1.0813915776881267,0.7670901688344017,0.3714523982460388,0.07526559237878569,0.665746979689809
"frozenset({'market_segment_Online TA', 'hotel_City Hotel'})",frozenset({'customer_type_Transient'}),0.3277675965519582,0.8256747890223761,0.3124052580375122,0.9531303927659281,1.1543653814287624,1.0,0.041775816906102825,3.719365731123477,0.19892399538466154,0.3714523982460388,0.7311369539080153,0.665746979689809
frozenset({'customer_type_Transient'}),"frozenset({'market_segment_Online TA', 'deposit_type_No Deposit', 'hotel_City Hotel'})",0.8256747890223761,0.3269530984863911,0.3115907599719451,0.3773771030854387,1.1542239692251959,1.0,0.041633829358981966,1.080986428300222,0.7664813426710294,0.37048395340704277,0.07491900562301013,0.6651953676800109
"frozenset({'market_segment_Online TA', 'deposit_type_No Deposit', 'hotel_City Hotel'})",frozenset({'customer_type_Transient'}),0.3269530984863911,0.8256747890223761,0.3115907599719451,0.9530136322745831,1.1542239692251959,1.0,0.041633829358981966,3.7101231573455755,0.19852557298911794,0.37048395340704277,0.730467168449617,0.6651953676800109
frozenset({'hotel_City Hotel'}),frozenset({'market_segment_Offline TA/TO'}),0.7484105975248309,0.18783230389827824,0.16213036494038327,0.2166329090964056,1.1533314802640364,1.0,0.021554678145407236,1.0367651456546465,0.5284268036310557,0.20944030396025137,0.03546140204340282,0.5398992056925054
frozenset({'market_segment_Offline TA/TO'}),frozenset({'hotel_City Hotel'}),0.18783230389827824,0.7484105975248309,0.16213036494038327,0.8631655022886052,1.1533314802640364,1.0,0.021554678145407236,1.8386401578775136,0.1636935135631763,0.20944030396025137,0.45611978737896247,0.5398992056925054
frozenset({'customer_type_Transient'}),"frozenset({'arrival_date_month_March', 'hotel_City Hotel'})",0.8256747890223761,0.05396049684382,0.05124550329192968,0.06206499698580588,1.1501932082916704,1.0,0.00669168144486601,1.0086407907967405,0.7490646393715266,0.06186158300103785,0.008566767153958817,0.5058752657885004
"frozenset({'arrival_date_month_March', 'hotel_City Hotel'})",frozenset({'customer_type_Transient'}),0.05396049684382,0.8256747890223761,0.05124550329192968,0.9496855345911949,1.1501932082916704,1.0,0.00669168144486601,3.464713568180268,0.13802896270047377,0.06186158300103785,0.7113758524849086,0.5058752657885004
frozenset({'arrival_date_month_June'}),"frozenset({'customer_type_Transient', 'hotel_City Hotel'})",0.10258150636892237,0.6126609199303151,0.07228670331907962,0.7046757829730922,1.1501888892362238,1.0,0.009439023259258161,1.3115723592501503,0.1455035610246773,0.11242874234640017,0.23755636282872097,0.4113319459198708
"frozenset({'customer_type_Transient', 'hotel_City Hotel'})",frozenset({'arrival_date_month_June'}),0.6126609199303151,0.10258150636892237,0.07228670331907962,0.11798810886664944,1.1501888892362238,1.0,0.009439023259258161,1.0174675677874707,0.33711441285302707,0.11242874234640017,0.01716768999866479,0.4113319459198708
frozenset({'arrival_date_month_August'}),"frozenset({'deposit_type_No Deposit', 'hotel_City Hotel'})",0.11848684359374646,0.4574990384397837,0.061313604380189596,0.5174718350200497,1.131088355474565,1.0,0.007105987368285549,1.1242886963556997,0.13147366977494027,0.11913135220678742,0.11054873784515709,0.3257454620429362
"frozenset({'deposit_type_No Deposit', 'hotel_City Hotel'})",frozenset({'arrival_date_month_August'}),0.4574990384397837,0.11848684359374646,0.061313604380189596,0.13401908906582266,1.1310883554745648,1.0,0.007105987368285549,1.0179360136880162,0.2136323764188515,0.11913135220678742,0.017619981459378264,0.3257454620429362
frozenset({'customer_type_Transient'}),"frozenset({'arrival_date_month_April', 'hotel_City Hotel'})",0.8256747890223761,0.0782596891332383,0.07264870245933167,0.08798706636707404,1.1242961394502184,1.0,0.008031650145288394,1.010665832550299,0.6341861030514238,0.08739317402427739,0.010553273106487624,0.5081450220531526
"frozenset({'arrival_date_month_April', 'hotel_City Hotel'})",frozenset({'customer_type_Transient'}),0.0782596891332383,0.8256747890223761,0.07264870245933167,0.9283029777392311,1.1242961394502184,1.0,0.008031650145288394,2.431414938595169,0.1199411861563873,0.08739317402427739,0.5887168479034749,0.5081450220531526
"frozenset({'market_segment_Groups', 'deposit_type_Non Refund'})",frozenset({'hotel_City Hotel'}),0.20611326048100637,0.7484105975248309,0.17321658861060205,0.8403951701427003,1.1229065608131203,1.0,0.01895924017622097,1.5763269990019189,0.1378709916116275,0.22170098166970723,0.3656138601742095,0.535920551303703
frozenset({'hotel_City Hotel'}),"frozenset({'market_segment_Groups', 'deposit_type_Non Refund'})",0.7484105975248309,0.20611326048100637,0.17321658861060205,0.2314459324647057,1.1229065608131203,1.0,0.01895924017622097,1.0329614701863978,0.43504993027521555,0.22170098166970723,0.03190968021338674,0.535920551303703
frozenset({'deposit_type_No Deposit'}),"frozenset({'arrival_date_month_August', 'hotel_City Hotel'})",0.6712595307586144,0.08144980655670943,0.061313604380189596,0.09134113047288415,1.1214407293808353,1.0,0.006639645450552907,1.0108856296327382,0.32940855286047693,0.08868091233351877,0.010768408723638679,0.42205945412533097
"frozenset({'arrival_date_month_August', 'hotel_City Hotel'})",frozenset({'deposit_type_No Deposit'}),0.08144980655670943,0.6712595307586144,0.061313604380189596,0.7527777777777778,1.1214407293808353,1.0,0.006639645450552907,1.3297367295157168,0.11789222081979187,0.08868091233351877,0.2479714384033035,0.42205945412533097
frozenset({'customer_type_Transient'}),"frozenset({'market_segment_Offline TA/TO', 'deposit_type_Non Refund'})",0.8256747890223761,0.11319260616756036,0.10371275368221,0.12560968926398858,1.109698711928649,1.0,0.010252472465916693,1.014200847086213,0.5670694444916319,0.12418389185381842,0.01400200672974362,0.5209299695570392
"frozenset({'market_segment_Offline TA/TO', 'deposit_type_Non Refund'})",frozenset({'customer_type_Transient'}),0.11319260616756036,0.8256747890223761,0.10371275368221,0.9162502498500898,1.109698711928649,1.0,0.010252472465916693,2.0815012661600267,0.11147234589774523,0.12418389185381842,0.5195775201978092,0.5209299695570392
"frozenset({'market_segment_Offline TA/TO', 'deposit_type_Non Refund', 'hotel_City Hotel'})",frozenset({'customer_type_Transient'}),0.10982148917396321,0.8256747890223761,0.10040951152741012,0.9142974866089822,1.107333660619017,1.0,0.009732676623574882,2.0340734953975623,0.10888807833501152,0.12023841777296125,0.5083756795107599,0.5179532591153093
frozenset({'customer_type_Transient'}),"frozenset({'market_segment_Offline TA/TO', 'deposit_type_Non Refund', 'hotel_City Hotel'})",0.8256747890223761,0.10982148917396321,0.10040951152741012,0.12160903162163643,1.107333660619017,1.0,0.009732676623574882,1.013419471365279,0.5560287400507501,0.12023841777296125,0.013241773761461646,0.5179532591153093
frozenset({'customer_type_Transient'}),frozenset({'arrival_date_month_June'}),0.8256747890223761,0.10258150636892237,0.09366727754021584,0.11344330574889022,1.1058845767082486,1.0,0.008968313911458331,1.0122516692394308,0.5492406900594695,0.11223162003903707,0.012103382599147844,0.5132721601527865
frozenset({'arrival_date_month_June'}),frozenset({'customer_type_Transient'}),0.10258150636892237,0.8256747890223761,0.09366727754021584,0.9131010145566828,1.1058845767082486,1.0,0.008968313911458331,2.0060672755648383,0.10669102525925153,0.11223162003903707,0.5015122313291138,0.5132721601527865
frozenset({'customer_type_Transient'}),"frozenset({'arrival_date_month_May', 'hotel_City Hotel'})",0.8256747890223761,0.08264892870879431,0.07527319622615897,0.09116567106921686,1.1030472202541244,1.0,0.00703205945159982,1.0093710614677618,0.5358978034904871,0.09035850081477458,0.009284059971102357,0.5009619759671297
"frozenset({'arrival_date_month_May', 'hotel_City Hotel'})",frozenset({'customer_type_Transient'}),0.08264892870879431,0.8256747890223761,0.07527319622615897,0.9107582808650425,1.1030472202541244,1.0,0.00703205945159982,1.953404894789143,0.10183723612425892,0.09035850081477458,0.48807336222634823,0.5009619759671297
frozenset({'hotel_City Hotel'}),"frozenset({'customer_type_Transient', 'market_segment_Groups'})",0.7484105975248309,0.1824475666870291,0.1498450191180796,0.20021766075153422,1.097398361552215,1.0,0.013299326716888715,1.02221866274417,0.3527727251989744,0.19185979142526072,0.021735724022611355,0.5107611121217989
"frozenset({'customer_type_Transient', 'market_segment_Groups'})",frozenset({'hotel_City Hotel'}),0.1824475666870291,0.7484105975248309,0.1498450191180796,0.8213045634920636,1.097398361552215,1.0,0.013299326716888715,1.4079229296042783,0.10856047334198411,0.19185979142526072,0.2897338490814496,0.5107611121217989
"frozenset({'arrival_date_month_June', 'hotel_City Hotel'})",frozenset({'customer_type_Transient'}),0.07979818547930949,0.8256747890223761,0.07228670331907962,0.9058690104905018,1.0971256753074392,1.0,0.006399353359082316,1.8519428286689137,0.09620432293032596,0.0867593548036713,0.4600265275366242,0.4967088243113988
frozenset({'customer_type_Transient'}),"frozenset({'arrival_date_month_June', 'hotel_City Hotel'})",0.8256747890223761,0.07979818547930949,0.07228670331907962,0.08754863813229571,1.0971256753074392,1.0,0.006399353359082316,1.0084940994960232,0.5078289710865955,0.0867593548036713,0.008422557454989628,0.4967088243113988
frozenset({'hotel_City Hotel'}),"frozenset({'customer_type_Transient', 'market_segment_Groups', 'deposit_type_Non Refund'})",0.7484105975248309,0.18018507206045387,0.14789927373922487,0.19761782399709787,1.0967491465152848,1.0,0.013046856293405878,1.021726245245733,0.35062872602331135,0.1894453138584594,0.021264252872850244,0.5092182540377252
"frozenset({'customer_type_Transient', 'market_segment_Groups', 'deposit_type_Non Refund'})",frozenset({'hotel_City Hotel'}),0.18018507206045387,0.7484105975248309,0.14789927373922487,0.8208186840783526,1.0967491465152848,1.0,0.013046856293405878,1.4041051165467742,0.1076029097110314,0.1894453138584594,0.2878026094945239,0.5092182540377252
frozenset({'customer_type_Transient'}),frozenset({'arrival_date_month_March'}),0.8256747890223761,0.07122333084458925,0.06432272223353469,0.07790321696717267,1.0937878928627907,1.0,0.005515413564957571,1.0072442353617297,0.4918735475842271,0.07725753417212423,0.007192133851357209,0.49050815232094336
frozenset({'arrival_date_month_March'}),frozenset({'customer_type_Transient'}),0.07122333084458925,0.8256747890223761,0.06432272223353469,0.903113087674714,1.0937878928627907,1.0,0.005515413564957571,1.7992648005165879,0.09232139738706654,0.07725753417212423,0.4442174383043066,0.49050815232094336
frozenset({'arrival_date_month_April'}),frozenset({'customer_type_Transient'}),0.10221950722867033,0.8256747890223761,0.0919704065702844,0.899734395750332,1.0896958556959753,1.0,0.007570336505280759,1.7386342233927252,0.09168470954385188,0.11002246461147049,0.42483589328603794,0.5055612845743495
frozenset({'customer_type_Transient'}),frozenset({'arrival_date_month_April'}),0.8256747890223761,0.10221950722867033,0.0919704065702844,0.11138817339836685,1.0896958556959753,1.0,0.007570336505280759,1.01031796549992,0.47217922899540404,0.11002246461147049,0.010212592324649484,0.5055612845743495
"frozenset({'customer_type_Transient', 'hotel_City Hotel'})","frozenset({'market_segment_Online TA', 'deposit_type_No Deposit'})",0.6126609199303151,0.4675218896355121,0.3115907599719451,0.5085859891428783,1.0878335333975067,1.0,0.025158368980292944,1.0835631435004112,0.20845225379409943,0.40540460981425336,0.07711884997348968,0.58752954122262
"frozenset({'market_segment_Online TA', 'deposit_type_No Deposit'})","frozenset({'customer_type_Transient', 'hotel_City Hotel'})",0.4675218896355121,0.6126609199303151,0.3115907599719451,0.6664730933023616,1.0878335333975067,1.0,0.025158368980292944,1.1613428250957587,0.15163384682196654,0.40540460981425336,0.13892781839200244,0.58752954122262
frozenset({'market_segment_Online TA'}),"frozenset({'customer_type_Transient', 'hotel_City Hotel'})",0.46912826082038056,0.6126609199303151,0.3124052580375122,0.6659271762720039,1.0869424743914584,1.0,0.024988706197988986,1.159445044787775,0.15067313678230584,0.4060459918837853,0.13751841495597564,0.5879213044475349
"frozenset({'customer_type_Transient', 'hotel_City Hotel'})",frozenset({'market_segment_Online TA'}),0.6126609199303151,0.46912826082038056,0.3124052580375122,0.5099154326230659,1.0869424743914584,1.0,0.024988706197988986,1.0832247626587985,0.20650668700116956,0.4060459918837853,0.07683055772702399,0.5879213044475349
"frozenset({'customer_type_Transient', 'arrival_date_month_May'})",frozenset({'hotel_City Hotel'}),0.09301115409850902,0.7484105975248309,0.07527319622615897,0.8092921430308927,1.0813477865057115,1.0,0.005662662810819716,1.3192398387441584,0.08294274387750626,0.09824882615243777,0.24198771850921105,0.4549347743178285
frozenset({'hotel_City Hotel'}),"frozenset({'customer_type_Transient', 'arrival_date_month_May'})",0.7484105975248309,0.09301115409850902,0.07527319622615897,0.10057740560476436,1.0813477865057115,1.0,0.005662662810819716,1.0084123431559364,0.2990115752303481,0.09824882615243777,0.008342165992940026,0.4549347743178285
frozenset({'customer_type_Transient'}),frozenset({'deposit_type_Non Refund'}),0.8256747890223761,0.32792597117581845,0.29206543134460056,0.35372938017208305,1.07868668926631,1.0,0.02130522427904885,1.0399266316688438,0.4184521018667634,0.3390057512014496,0.03839370052940242,0.6221868923766445
frozenset({'deposit_type_Non Refund'}),frozenset({'customer_type_Transient'}),0.32792597117581845,0.8256747890223761,0.29206543134460056,0.890644404581206,1.07868668926631,1.0,0.02130522427904885,1.5941133172931732,0.10853975576109783,0.3390057512014496,0.3726920231128775,0.6221868923766445
frozenset({'customer_type_Transient'}),"frozenset({'deposit_type_Non Refund', 'hotel_City Hotel'})",0.8256747890223761,0.29059480983732666,0.2554356433403471,0.30936592316545186,1.0645954872305985,1.0,0.015498835036914876,1.0271795353831377,0.3480625983955521,0.29673044575273344,0.026460355222127436,0.594187788739375
"frozenset({'deposit_type_Non Refund', 'hotel_City Hotel'})",frozenset({'customer_type_Transient'}),0.29059480983732666,0.8256747890223761,0.2554356433403471,0.879009654313298,1.0645954872305983,1.0,0.015498835036914876,1.4408191826232952,0.08553093033448343,0.29673044575273344,0.3059503842950627,0.594187788739375
frozenset({'customer_type_Transient'}),frozenset({'arrival_date_month_May'}),0.8256747890223761,0.105816873684925,0.09301115409850902,0.11264865457335452,1.064562301365768,1.0,0.005640829243701143,1.007699070862562,0.3478946262626769,0.1109282245008095,0.007640248051406719,0.49581545407735506
frozenset({'arrival_date_month_May'}),frozenset({'customer_type_Transient'}),0.105816873684925,0.8256747890223761,0.09301115409850902,0.8789822535813556,1.064562301365768,1.0,0.005640829243701143,1.4404929536083872,0.06782369554561826,0.1109282245008095,0.3057932026012116,0.49581545407735506
"frozenset({'customer_type_Transient', 'arrival_date_month_March'})",frozenset({'hotel_City Hotel'}),0.06432272223353469,0.7484105975248309,0.05124550329192968,0.7966936334857545,1.0645140997743845,1.0,0.0031056963107062574,1.2374890505828822,0.06477048369330474,0.0672965504946965,0.19191204194576117,0.4325830391196117
frozenset({'hotel_City Hotel'}),"frozenset({'customer_type_Transient', 'arrival_date_month_March'})",0.7484105975248309,0.06432272223353469,0.05124550329192968,0.06847244475346896,1.0645140997743845,1.0,0.0031056963107062574,1.0044547501537258,0.24088562262772573,0.0672965504946965,0.0044349933663452665,0.4325830391196117
frozenset({'market_segment_Groups'}),frozenset({'hotel_City Hotel'}),0.2736261001380122,0.7484105975248309,0.21765198307654018,0.7954357532660823,1.06283336432805,1.0,0.012867309973861263,1.2298796416874271,0.08138884850611977,0.27058194807751806,0.1869123074287385,0.5431273509218648
frozenset({'hotel_City Hotel'}),frozenset({'market_segment_Groups'}),0.7484105975248309,0.2736261001380122,0.21765198307654018,0.29081894857764745,1.06283336432805,1.0,0.012867309973861263,1.0242432428293915,0.23498102349720998,0.27058194807751806,0.02366941934849521,0.5431273509218648
frozenset({'customer_type_Transient'}),"frozenset({'market_segment_Groups', 'deposit_type_Non Refund'})",0.8256747890223761,0.20611326048100637,0.18018507206045387,0.21822765386090864,1.058775419648551,1.0,0.010002549198084881,1.015496062811292,0.31844298695199114,0.2115834218916047,0.015259599105084235,0.5462159125506519
"frozenset({'market_segment_Groups', 'deposit_type_Non Refund'})",frozenset({'customer_type_Transient'}),0.20611326048100637,0.8256747890223761,0.18018507206045387,0.8742041712403952,1.058775419648551,1.0,0.010002549198084881,1.385778945904148,0.069925139344669,0.2115834218916047,0.2783841874956814,0.5462159125506519
"frozenset({'customer_type_Transient', 'arrival_date_month_April'})",frozenset({'hotel_City Hotel'}),0.0919704065702844,0.7484105975248309,0.07264870245933167,0.7899138991389915,1.055455256448027,1.0,0.003817075523463498,1.1975537717348512,0.05786325867515444,0.0946276486016562,0.16496442698239966,0.44349227409563013
frozenset({'hotel_City Hotel'}),"frozenset({'customer_type_Transient', 'arrival_date_month_April'})",0.7484105975248309,0.0919704065702844,0.07264870245933167,0.09707064905226882,1.055455256448027,1.0,0.003817075523463498,1.0056485509930884,0.2088384913371086,0.0946276486016562,0.005616824075876559,0.44349227409563013
frozenset({'hotel_City Hotel'}),frozenset({'arrival_date_month_May'}),0.7484105975248309,0.105816873684925,0.08264892870879431,0.11043260074367423,1.043619953018956,1.0,0.0034544590460500457,1.0051887322563844,0.16613092225371082,0.10711667595226225,0.005161948288792498,0.4457444166857135
frozenset({'arrival_date_month_May'}),frozenset({'hotel_City Hotel'}),0.105816873684925,0.7484105975248309,0.08264892870879431,0.7810562326277528,1.043619953018956,1.0,0.0034544590460500457,1.1491051126722325,0.04674297493702912,0.10711667595226225,0.12975759225845748,0.4457444166857135
frozenset({'arrival_date_month_June'}),frozenset({'hotel_City Hotel'}),0.10258150636892237,0.7484105975248309,0.07979818547930949,0.7779003087781209,1.0394031182225631,1.0,0.003025099002747056,1.1327769124353695,0.042242689527915184,0.10347356686029456,0.11721364637447534,0.44226192318497326
frozenset({'hotel_City Hotel'}),frozenset({'arrival_date_month_June'}),0.7484105975248309,0.10258150636892237,0.07979818547930949,0.10662353759182563,1.0394031182225631,1.0,0.003025099002747056,1.0045244433819172,0.15067952159395284,0.10347356686029456,0.004504064994859485,0.44226192318497326
"frozenset({'arrival_date_month_June', 'deposit_type_No Deposit'})",frozenset({'customer_type_Transient'}),0.061788728251770404,0.8256747890223761,0.05291974931559538,0.8564628341266936,1.0372883434418185,1.0,0.0019023541523539161,1.2144952836221707,0.038315363153868985,0.06341159247410942,0.1766126937788094,0.4602777808491746
frozenset({'customer_type_Transient'}),"frozenset({'arrival_date_month_June', 'deposit_type_No Deposit'})",0.8256747890223761,0.061788728251770404,0.05291974931559538,0.06409272757165561,1.0372883434418185,1.0,0.0019023541523539161,1.0024617816185006,0.206211742928571,0.06341159247410942,0.0024557361324299793,0.4602777808491746
frozenset({'customer_type_Transient'}),"frozenset({'market_segment_Groups', 'deposit_type_Non Refund', 'hotel_City Hotel'})",0.8256747890223761,0.17321658861060205,0.14789927373922487,0.17912533567161726,1.0341119006465271,1.0,0.004878703482990299,1.007198111134115,0.18922485562887276,0.17379629383457845,0.007146668619155827,0.5164827305317334
"frozenset({'market_segment_Groups', 'deposit_type_Non Refund', 'hotel_City Hotel'})",frozenset({'customer_type_Transient'}),0.17321658861060205,0.8256747890223761,0.14789927373922487,0.8538401253918496,1.0341119006465271,1.0,0.004878703482990299,1.1927022477611164,0.03989758675041633,0.17379629383457845,0.16156777445741197,0.5164827305317334
"frozenset({'customer_type_Transient', 'arrival_date_month_June'})",frozenset({'hotel_City Hotel'}),0.09366727754021584,0.7484105975248309,0.07228670331907962,0.7717391304347827,1.0311707677404687,1.0,0.0021851201666825137,1.1022011917959795,0.03335256552922477,0.09390430284505055,0.09272462464810806,0.4341630444640433
frozenset({'hotel_City Hotel'}),"frozenset({'customer_type_Transient', 'arrival_date_month_June'})",0.7484105975248309,0.09366727754021584,0.07228670331907962,0.09658695849330391,1.0311707677404685,1.0,0.0021851201666825137,1.0032318339662427,0.12015021785388623,0.09390430284505055,0.003221422862416431,0.4341630444640433
frozenset({'hotel_City Hotel'}),frozenset({'arrival_date_month_October'}),0.7484105975248309,0.09606552184438562,0.07393832439647956,0.09879379666858128,1.0284001457735807,1.0,0.0020418697913882206,1.003027359126147,0.10976555964530685,0.09595677834219102,0.0030182218845799798,0.434229682130805
frozenset({'arrival_date_month_October'}),frozenset({'hotel_City Hotel'}),0.09606552184438562,0.7484105975248309,0.07393832439647956,0.7696655675930287,1.0284001457735807,1.0,0.0020418697913882206,1.092278735081358,0.030550722680544946,0.09595677834219102,0.08448277176657175,0.434229682130805
frozenset({'customer_type_Transient'}),frozenset({'hotel_Resort Hotel'}),0.8256747890223761,0.25158940247516914,0.2130138690920609,0.2579876144023675,1.025431166274302,1.0,0.005282842283109962,1.0086227831925543,0.1422654903000061,0.24647242074399847,0.008549066446090884,0.5523301381364355
frozenset({'hotel_Resort Hotel'}),frozenset({'customer_type_Transient'}),0.25158940247516914,0.8256747890223761,0.2130138690920609,0.8466726618705035,1.025431166274302,1.0,0.005282842283109962,1.1369480035608073,0.033137507263265115,0.24647242074399847,0.12045230136461806,0.5523301381364355
"frozenset({'arrival_date_month_April', 'deposit_type_No Deposit'})",frozenset({'customer_type_Transient'}),0.0639380981470169,0.8256747890223761,0.054050996628883005,0.8453644727530079,1.0238467784076888,1.0,0.0012589209308528498,1.1273296252237193,0.024882280315851928,0.06468820232325147,0.11294799885920731,0.45541364427917286
frozenset({'customer_type_Transient'}),"frozenset({'arrival_date_month_April', 'deposit_type_No Deposit'})",0.8256747890223761,0.0639380981470169,0.054050996628883005,0.06546281580533786,1.0238467784076888,1.0,0.0012589209308528498,1.0016315216602483,0.1336086415973708,0.06468820232325147,0.001628864133133401,0.45541364427917286
frozenset({'hotel_City Hotel'}),frozenset({'arrival_date_month_April'}),0.7484105975248309,0.10221950722867033,0.0782596891332383,0.10456785271622479,1.0229735551581274,1.0,0.0017575266495353653,1.0026225834025257,0.08926299550125673,0.1013240377292167,0.002615723449621215,0.4350860511921097
frozenset({'arrival_date_month_April'}),frozenset({'hotel_City Hotel'}),0.10221950722867033,0.7484105975248309,0.0782596891332383,0.7656042496679946,1.0229735551581274,1.0,0.0017575266495353653,1.0733530881801827,0.02501460421798782,0.1013240377292167,0.06834012869385725,0.4350860511921097
frozenset({'hotel_City Hotel'}),frozenset({'customer_type_Transient-Party'}),0.7484105975248309,0.14446028190683047,0.11009298852915224,0.1471023912452009,1.0182895208530358,1.0,0.0019773826286557383,1.0030978036651172,0.0713902182816017,0.14064396785941385,0.003088236913487971,0.4546005300000476
frozenset({'customer_type_Transient-Party'}),frozenset({'hotel_City Hotel'}),0.14446028190683047,0.7484105975248309,0.11009298852915224,0.7620986687548943,1.0182895208530358,1.0,0.0019773826286557383,1.0575367576062904,0.02099379138127178,0.14064396785941385,0.05440639031453002,0.4546005300000476
"frozenset({'customer_type_Transient', 'hotel_City Hotel'})",frozenset({'market_segment_Offline TA/TO'}),0.6126609199303151,0.18783230389827824,0.11697097219394104,0.19092285534916356,1.0164537802430356,1.0,0.0018934600949913755,1.0038198476762301,0.041791382707568984,0.17112972096256332,0.003805311964166379,0.406832181709754
frozenset({'market_segment_Offline TA/TO'}),"frozenset({'customer_type_Transient', 'hotel_City Hotel'})",0.18783230389827824,0.6126609199303151,0.11697097219394104,0.6227415080703445,1.0164537802430353,1.0,0.0018934600949913755,1.026720639443973,0.019931149454093126,0.17112972096256332,0.02602522869165631,0.406832181709754
frozenset({'hotel_City Hotel'}),frozenset({'arrival_date_month_March'}),0.7484105975248309,0.07122333084458925,0.05396049684382,0.07210012394570574,1.0123104759454409,1.0,0.0006562012487122404,1.0009449221017734,0.04833578420282628,0.0704745582412387,0.0009440300668984381,0.41486200606433954
frozenset({'arrival_date_month_March'}),frozenset({'hotel_City Hotel'}),0.07122333084458925,0.7484105975248309,0.05396049684382,0.7576238881829733,1.0123104759454409,1.0,0.0006562012487122404,1.0380123708936206,0.013093320999133474,0.0704745582412387,0.03662034476611861,0.41486200606433954
frozenset({'arrival_date_month_September'}),frozenset({'hotel_City Hotel'}),0.09310165388357203,0.7484105975248309,0.0703409579402249,0.7555285540704739,1.0095107639699168,1.0,0.0006626935266707684,1.0291156970033015,0.010388332459378053,0.09121314361155934,0.02829195695691348,0.42475783790467075
frozenset({'hotel_City Hotel'}),frozenset({'arrival_date_month_September'}),0.7484105975248309,0.09310165388357203,0.0703409579402249,0.09398712173886757,1.0095107639699168,1.0,0.0006626935266707684,1.0009773236965405,0.037446575386844407,0.09121314361155934,0.0009763694675233942,0.42475783790467075
